scene,object_body,candidate_id,stage_idx,stage,stage_ok,fail_reason,sim_time,obj_x,obj_y,obj_z,lift_height,hold_duration,max_slip,obj_v_rms,obj_w_rms,contact_ratio,min_contact_dist,rel_pos_err,rel_rot_err_deg,contact_force_n_mean,contact_force_n_count
scene_obj_big_box,big_box,0,1,Stage1_pregrasp,1,,1.6480000000000012,-2.1069166966647258e-14,0.6000000000000187,0.019956380520093374,nan,nan,nan,nan,nan,nan,nan,nan,nan,nan,0
scene_obj_big_box,big_box,0,2,Stage2_grasp,1,,2.511999999999945,0.014205247659282952,0.6297089331926213,0.028636539561826012,nan,nan,nan,nan,nan,nan,nan,nan,nan,nan,0
scene_obj_big_box,big_box,0,3,Stage3_close,1,,3.0519999999998855,-0.009428991180202222,0.6153091604954235,0.04117311021273881,nan,nan,nan,nan,nan,nan,-0.0026875445645960366,nan,nan,24.317939662217267,4
scene_obj_big_box,big_box,0,4,Stage4_lift,1,,4.131999999999767,-0.002453712279719317,0.6132507487580526,0.3042935434898248,0.28433716296973893,nan,nan,nan,nan,nan,nan,0.005327391311966087,0.42593634316410417,nan,0
scene_obj_big_box,big_box,0,5,Stage5_hold,1,,6.291999999999529,0.014837096168816332,0.6068378400137576,0.2982601750641848,0.28433716296973893,1.9999999999999978,0.09571489555369782,0.02065235648993097,0.024430733551784694,1.0,-0.0012361377799390916,0.005328385018544761,0.44024969303253125,11.899920788934603,120
scene_obj_big_box,big_box,1,1,Stage1_pregrasp,1,,1.6480000000000012,-2.1066991484630507e-14,0.6000000000000187,0.01995638052009335,nan,nan,nan,nan,nan,nan,nan,nan,nan,nan,0
scene_obj_big_box,big_box,1,2,Stage2_grasp,1,,2.511999999999945,-0.03252742132685994,0.6272376570608009,0.04185797732102016,nan,nan,nan,nan,nan,nan,nan,nan,nan,nan,0
scene_obj_big_box,big_box,1,3,Stage3_close,1,,3.0519999999998855,-0.057191104296387234,0.62166474100401,0.05143429767673776,nan,nan,nan,nan,nan,nan,-0.0016126620744649194,nan,nan,31.01216375868496,3
scene_obj_big_box,big_box,1,4,Stage4_lift,1,,4.131999999999767,-0.04489617370752184,0.6149876607474285,0.3286473525813456,0.3086909720612597,nan,nan,nan,nan,nan,nan,0.013769761023049465,1.2690957474401532,nan,0
scene_obj_big_box,big_box,1,5,Stage5_hold,1,,6.291999999999529,-0.04092597056623571,0.6206538545164948,0.34454452715939776,0.3086909720612597,1.9999999999999978,0.027339052359191873,0.019325296098701813,0.02704047169582476,1.0,-0.003377995772979744,0.0023278679000623124,0.24414029031443274,25.134846714951845,120
scene_obj_big_box,big_box,2,1,Stage1_pregrasp,1,,1.6480000000000012,-2.1067214917014226e-14,0.6000000000000187,0.019956380520093353,nan,nan,nan,nan,nan,nan,nan,nan,nan,nan,0
scene_obj_big_box,big_box,2,2,Stage2_grasp,1,,2.511999999999945,-0.0590055741648933,0.5874132421537837,0.09190813667856419,nan,nan,nan,nan,nan,nan,nan,nan,nan,nan,0
scene_obj_big_box,big_box,2,3,Stage3_close,1,,3.0519999999998855,-0.09510767515021712,0.5994830481940385,0.04880856288479752,nan,nan,nan,nan,nan,nan,-0.0013107121104983053,nan,nan,88.38856693282361,1
scene_obj_big_box,big_box,2,4,Stage4_lift,1,,4.131999999999767,-0.09426322696516577,0.6008605304442901,0.3197704743712434,0.29981409385115754,nan,nan,nan,nan,nan,nan,0.0048597495714048375,0.4604371019316241,nan,0
scene_obj_big_box,big_box,2,5,Stage5_hold,1,,6.291999999999529,-0.09390000515998127,0.6008399188621619,0.32515770930607,0.29981409385115754,1.9999999999999978,0.0407084666490232,0.018063051963031335,0.02288223104387234,1.0,-0.0007143040827336427,0.004910778814380641,0.465551877170868,10.924020499180893,120
scene_obj_big_box,big_box,3,1,Stage1_pregrasp,1,,1.6480000000000012,-2.107311630750162e-14,0.6000000000000187,0.019956380520093384,nan,nan,nan,nan,nan,nan,nan,nan,nan,nan,0
scene_obj_big_box,big_box,3,2,Stage2_grasp,1,,2.511999999999945,-0.08570676055703053,0.6126246680380487,0.049763497215608125,nan,nan,nan,nan,nan,nan,nan,nan,nan,nan,0
scene_obj_big_box,big_box,3,3,Stage3_close,1,,3.0519999999998855,-0.11702255686908383,0.6168951386082059,0.04558172836413154,nan,nan,nan,nan,nan,nan,-0.0012133426348812665,nan,nan,44.83273267469367,2
scene_obj_big_box,big_box,3,4,Stage4_lift,1,,4.131999999999767,-0.11713454089589928,0.6172241070977597,0.31845282217560694,0.2984964416555211,nan,nan,nan,nan,nan,nan,0.008587749197268058,0.6685181325374108,nan,0
scene_obj_big_box,big_box,3,5,Stage5_hold,1,,6.291999999999529,-0.11660441905969537,0.6175155855884996,0.3202832304744273,0.2984964416555211,1.9999999999999978,0.05120378034561745,0.018447878586188002,0.0333490694934059,1.0,-0.0005736985508053728,0.008636991058802817,0.6742605231409121,11.871009436467826,120
scene_obj_big_box,big_box,4,1,Stage1_pregrasp,1,,1.6480000000000012,-2.107965108022456e-14,0.6000000000000187,0.01995638052009338,nan,nan,nan,nan,nan,nan,nan,nan,nan,nan,0
scene_obj_big_box,big_box,4,2,Stage2_grasp,1,,2.511999999999945,-0.11149907265502888,0.6223932979626056,0.021850694489226725,nan,nan,nan,nan,nan,nan,nan,nan,nan,nan,0
scene_obj_big_box,big_box,4,3,Stage3_close,0,no_contact,3.0519999999998855,-0.1303746894428504,0.6211107022625847,0.019956378179554875,nan,nan,nan,nan,nan,nan,999.0,nan,nan,0.0,0
scene_obj_big_box,big_box,4,4,Stage4_lift,0,skipped_due_to_failure(Stage3_close:no_contact),3.0519999999998855,-0.1303746894428504,0.6211107022625847,0.019956378179554875,nan,nan,nan,nan,nan,nan,nan,nan,nan,nan,0
scene_obj_big_box,big_box,4,5,Stage5_hold,0,skipped_due_to_failure(Stage3_close:no_contact),3.0519999999998855,-0.1303746894428504,0.6211107022625847,0.019956378179554875,nan,nan,nan,nan,nan,nan,nan,nan,nan,nan,0
scene_obj_big_box,big_box,5,1,Stage1_pregrasp,1,,1.6480000000000012,-2.1067495803439448e-14,0.6000000000000187,0.019956380520093357,nan,nan,nan,nan,nan,nan,nan,nan,nan,nan,0
scene_obj_big_box,big_box,5,2,Stage2_grasp,1,,2.511999999999945,-0.05753431776057849,0.6439449934734136,0.04186924533366854,nan,nan,nan,nan,nan,nan,nan,nan,nan,nan,0
scene_obj_big_box,big_box,5,3,Stage3_close,1,,3.0519999999998855,-0.08165569718221052,0.663276463322858,0.047043769697595,nan,nan,nan,nan,nan,nan,-0.0016383430439570244,nan,nan,19.40252780696129,4
scene_obj_big_box,big_box,5,4,Stage4_lift,1,,4.131999999999767,-0.08899743093663559,0.6598940859890094,0.3220474953502695,0.30209111483018364,nan,nan,nan,nan,nan,nan,0.005564706755685684,0.4087149449822591,nan,0
scene_obj_big_box,big_box,5,5,Stage5_hold,1,,6.291999999999529,-0.09130156185794422,0.6542180661359901,0.3197701394653233,0.30209111483018364,1.9999999999999978,0.04822790906040194,0.020924076852532045,0.02816799306787244,1.0,-0.0009257070088321181,0.005565885176161599,0.42021381489674564,6.958382957780964,120
scene_obj_big_box,big_box,6,1,Stage1_pregrasp,1,,1.6480000000000012,-2.1068745081897934e-14,0.6000000000000187,0.019956380520093377,nan,nan,nan,nan,nan,nan,nan,nan,nan,nan,0
scene_obj_big_box,big_box,6,2,Stage2_grasp,1,,2.511999999999945,-0.14534012818275924,0.6336029984415751,0.019566561062978643,nan,nan,nan,nan,nan,nan,nan,nan,nan,nan,0
scene_obj_big_box,big_box,6,3,Stage3_close,0,no_contact,3.0519999999998855,-0.1453235860405363,0.6336406337617879,0.01995638051514052,nan,nan,nan,nan,nan,nan,999.0,nan,nan,0.0,0
scene_obj_big_box,big_box,6,4,Stage4_lift,0,skipped_due_to_failure(Stage3_close:no_contact),3.0519999999998855,-0.1453235860405363,0.6336406337617879,0.01995638051514052,nan,nan,nan,nan,nan,nan,nan,nan,nan,nan,0
scene_obj_big_box,big_box,6,5,Stage5_hold,0,skipped_due_to_failure(Stage3_close:no_contact),3.0519999999998855,-0.1453235860405363,0.6336406337617879,0.01995638051514052,nan,nan,nan,nan,nan,nan,nan,nan,nan,nan,0
scene_obj_big_box,big_box,7,1,Stage1_pregrasp,1,,1.6480000000000012,-2.1068745081897934e-14,0.6000000000000187,0.019956380520093377,nan,nan,nan,nan,nan,nan,nan,nan,nan,nan,0
scene_obj_big_box,big_box,7,2,Stage2_grasp,1,,2.511999999999945,-0.04646352901574146,0.6146791769341805,0.018890563541062978,nan,nan,nan,nan,nan,nan,nan,nan,nan,nan,0
scene_obj_big_box,big_box,7,3,Stage3_close,0,no_contact,3.0519999999998855,-0.06661288133682951,0.6155352616082073,0.02016281417180726,nan,nan,nan,nan,nan,nan,999.0,nan,nan,0.0,0
scene_obj_big_box,big_box,7,4,Stage4_lift,0,skipped_due_to_failure(Stage3_close:no_contact),3.0519999999998855,-0.06661288133682951,0.6155352616082073,0.02016281417180726,nan,nan,nan,nan,nan,nan,nan,nan,nan,nan,0
scene_obj_big_box,big_box,7,5,Stage5_hold,0,skipped_due_to_failure(Stage3_close:no_contact),3.0519999999998855,-0.06661288133682951,0.6155352616082073,0.02016281417180726,nan,nan,nan,nan,nan,nan,nan,nan,nan,nan,0
scene_obj_big_box,big_box,8,1,Stage1_pregrasp,1,,1.6480000000000012,-2.1068745081897934e-14,0.6000000000000187,0.019956380520093377,nan,nan,nan,nan,nan,nan,nan,nan,nan,nan,0
scene_obj_big_box,big_box,8,2,Stage2_grasp,1,,2.511999999999945,0.02663954706114116,0.6132312741487992,0.02414211368336416,nan,nan,nan,nan,nan,nan,nan,nan,nan,nan,0
scene_obj_big_box,big_box,8,3,Stage3_close,1,,3.0519999999998855,0.022172956282113594,0.5868869023921901,0.023417538723253424,nan,nan,nan,nan,nan,nan,-0.0008016439293237667,nan,nan,7.891205420748382,3
scene_obj_big_box,big_box,8,4,Stage4_lift,0,lost_contact,3.807999999999802,0.0377177937128534,0.5779061280417107,0.19427742685761057,0.17432104633752474,nan,nan,nan,nan,nan,nan,nan,nan,nan,0
scene_obj_big_box,big_box,8,5,Stage5_hold,0,skipped_due_to_failure(Stage4_lift:lost_contact),3.807999999999802,0.0377177937128534,0.5779061280417107,0.19427742685761057,nan,nan,nan,nan,nan,nan,nan,nan,nan,nan,0
scene_obj_big_box,big_box,9,1,Stage1_pregrasp,1,,1.6480000000000012,-2.1068745081897934e-14,0.6000000000000187,0.019956380520093377,nan,nan,nan,nan,nan,nan,nan,nan,nan,nan,0
scene_obj_big_box,big_box,9,2,Stage2_grasp,1,,2.511999999999945,-0.09552877925226186,0.688179876911796,0.06871155011982312,nan,nan,nan,nan,nan,nan,nan,nan,nan,nan,0
scene_obj_big_box,big_box,9,3,Stage3_close,1,,3.0519999999998855,-0.1254963411275705,0.6953886203924847,0.07857822959926881,nan,nan,nan,nan,nan,nan,-0.0004673968505381331,nan,nan,7.108248366771815,3
scene_obj_big_box,big_box,9,4,Stage4_lift,0,lost_contact,3.627999999999822,-0.1616735927096672,0.6589734358052936,0.2193745277589722,0.19941814723888637,nan,nan,nan,nan,nan,nan,nan,nan,nan,0
scene_obj_big_box,big_box,9,5,Stage5_hold,0,skipped_due_to_failure(Stage4_lift:lost_contact),3.627999999999822,-0.1616735927096672,0.6589734358052936,0.2193745277589722,nan,nan,nan,nan,nan,nan,nan,nan,nan,nan,0
scene_obj_big_box,big_box,10,1,Stage1_pregrasp,1,,1.6480000000000012,-2.1066563493654528e-14,0.6000000000000187,0.019956380520093357,nan,nan,nan,nan,nan,nan,nan,nan,nan,nan,0
scene_obj_big_box,big_box,10,2,Stage2_grasp,1,,2.511999999999945,-0.12008942858692785,0.6609226764448148,0.046883123550373974,nan,nan,nan,nan,nan,nan,nan,nan,nan,nan,0
scene_obj_big_box,big_box,10,3,Stage3_close,1,,3.0519999999998855,-0.12313815292830607,0.6739699787572683,0.04872641852507724,nan,nan,nan,nan,nan,nan,-0.002260531626177897,nan,nan,20.93565029526837,3
scene_obj_big_box,big_box,10,4,Stage4_lift,1,,4.131999999999767,-0.1281565824480126,0.6780317335732599,0.3273349359777343,0.3073785554576484,nan,nan,nan,nan,nan,nan,0.005689961958974615,0.4441873969650826,nan,0
scene_obj_big_box,big_box,10,5,Stage5_hold,1,,6.291999999999529,-0.12482672091960742,0.6790429862399077,0.3280940320747849,0.3073785554576484,1.9999999999999978,0.05733319765138171,0.020715064086852943,0.030025748838649988,1.0,-0.0013622459727281383,0.005667210283070771,0.45005015701200124,9.871975337596162,120
scene_obj_big_box,big_box,11,1,Stage1_pregrasp,1,,1.6480000000000012,0.0002749236346008748,0.59983218751891,0.018926175830359295,nan,nan,nan,nan,nan,nan,nan,nan,nan,nan,0
scene_obj_big_box,big_box,11,2,Stage2_grasp,1,,2.511999999999945,-0.16438299744033458,0.627974749932048,0.019920958997365946,nan,nan,nan,nan,nan,nan,nan,nan,nan,nan,0
scene_obj_big_box,big_box,11,3,Stage3_close,0,no_contact,3.0519999999998855,-0.17861005133008087,0.6149143568387595,0.019956267868318195,nan,nan,nan,nan,nan,nan,999.0,nan,nan,0.0,0
scene_obj_big_box,big_box,11,4,Stage4_lift,0,skipped_due_to_failure(Stage3_close:no_contact),3.0519999999998855,-0.17861005133008087,0.6149143568387595,0.019956267868318195,nan,nan,nan,nan,nan,nan,nan,nan,nan,nan,0
scene_obj_big_box,big_box,11,5,Stage5_hold,0,skipped_due_to_failure(Stage3_close:no_contact),3.0519999999998855,-0.17861005133008087,0.6149143568387595,0.019956267868318195,nan,nan,nan,nan,nan,nan,nan,nan,nan,nan,0
scene_obj_big_box,big_box,12,1,Stage1_pregrasp,1,,1.6480000000000012,-2.1067214917014226e-14,0.6000000000000187,0.019956380520093353,nan,nan,nan,nan,nan,nan,nan,nan,nan,nan,0
scene_obj_big_box,big_box,12,2,Stage2_grasp,1,,2.511999999999945,-0.06080179798126896,0.6407024996598563,0.042749399922785355,nan,nan,nan,nan,nan,nan,nan,nan,nan,nan,0
scene_obj_big_box,big_box,12,3,Stage3_close,1,,3.0519999999998855,-0.08788269947920273,0.6557894523368423,0.04040225901857557,nan,nan,nan,nan,nan,nan,-0.0022073466273610978,nan,nan,21.259510337627297,3
scene_obj_big_box,big_box,12,4,Stage4_lift,1,,4.131999999999767,-0.09046853888545496,0.6616220524737076,0.31678053671102885,0.296824156190943,nan,nan,nan,nan,nan,nan,0.005210538353354338,0.3733397364507741,nan,0
scene_obj_big_box,big_box,12,5,Stage5_hold,1,,6.291999999999529,-0.08867629238531685,0.6628650136742857,0.3170698096455584,0.296824156190943,1.9999999999999978,0.06905057535270052,0.020301895299182644,0.031169465784361295,1.0,-0.0013165142903409418,0.005284100616601312,0.3885271318215382,9.465978466881397,120
scene_obj_big_box,big_box,13,1,Stage1_pregrasp,1,,1.6480000000000012,-2.107315738575351e-14,0.6000000000000187,0.019956380520093388,nan,nan,nan,nan,nan,nan,nan,nan,nan,nan,0
scene_obj_big_box,big_box,13,2,Stage2_grasp,1,,2.511999999999945,-0.026758288664656862,0.6309157251442004,0.03258729162815088,nan,nan,nan,nan,nan,nan,nan,nan,nan,nan,0
scene_obj_big_box,big_box,13,3,Stage3_close,1,,3.0519999999998855,-0.04509484709004206,0.639876470593021,0.031761172141257336,nan,nan,nan,nan,nan,nan,-0.0013529098949262089,nan,nan,28.253862447727514,3
scene_obj_big_box,big_box,13,4,Stage4_lift,1,,4.131999999999767,-0.04906788629806805,0.6426761943884193,0.3189900867622293,0.2990337062421434,nan,nan,nan,nan,nan,nan,0.009062541396521365,0.6935948037203021,nan,0
scene_obj_big_box,big_box,13,5,Stage5_hold,1,,6.291999999999529,-0.04706875975232302,0.6425563429069988,0.323982581416472,0.2990337062421434,1.9999999999999978,0.013691164638284532,0.017626588288124863,0.02491047500145433,1.0,-0.0011314874897180617,0.009599174663963844,0.7437078883707161,10.659532777785037,120
scene_obj_big_box,big_box,14,1,Stage1_pregrasp,1,,1.6480000000000012,-2.1068721212102898e-14,0.6000000000000187,0.019956380520093377,nan,nan,nan,nan,nan,nan,nan,nan,nan,nan,0
scene_obj_big_box,big_box,14,2,Stage2_grasp,1,,2.511999999999945,-0.08848552219655871,0.6733307425230461,0.0486950936707174,nan,nan,nan,nan,nan,nan,nan,nan,nan,nan,0
scene_obj_big_box,big_box,14,3,Stage3_close,1,,3.0519999999998855,-0.1025835924855053,0.683400488908584,0.05214091921316257,nan,nan,nan,nan,nan,nan,-0.001261746581846743,nan,nan,10.452569466558105,4
scene_obj_big_box,big_box,14,4,Stage4_lift,1,,4.131999999999767,-0.1103203568986468,0.6797323948075519,0.33375913000836355,0.3138027494882777,nan,nan,nan,nan,nan,nan,0.005293043524967548,0.38995226138194156,nan,0
scene_obj_big_box,big_box,14,5,Stage5_hold,1,,6.291999999999529,-0.11323185886021446,0.6742724614959942,0.3324152469535549,0.3138027494882777,1.9999999999999978,0.04919166035028193,0.021366269874840728,0.028779367138267002,1.0,-0.0009268670976586455,0.005312961702810397,0.40395335841305297,6.788356395920758,120
scene_obj_big_box,big_box,15,1,Stage1_pregrasp,1,,1.6480000000000012,-2.1068745081897934e-14,0.6000000000000187,0.019956380520093377,nan,nan,nan,nan,nan,nan,nan,nan,nan,nan,0
scene_obj_big_box,big_box,15,2,Stage2_grasp,1,,2.511999999999945,-0.05755343982572479,0.6392091666456114,0.045690994543962804,nan,nan,nan,nan,nan,nan,nan,nan,nan,nan,0
scene_obj_big_box,big_box,15,3,Stage3_close,1,,3.0519999999998855,-0.08650214436945235,0.6459873571422758,0.0481075016396379,nan,nan,nan,nan,nan,nan,-0.002433581204432622,nan,nan,22.58143636559826,3
scene_obj_big_box,big_box,15,4,Stage4_lift,1,,4.131999999999767,-0.0920139084536671,0.6452723188378342,0.32209435296724476,0.3021379724471589,nan,nan,nan,nan,nan,nan,0.005401453352680387,0.3975170545528248,nan,0
scene_obj_big_box,big_box,15,5,Stage5_hold,1,,6.291999999999529,-0.09561774850982264,0.6391055920165069,0.3217220885881739,0.3021379724471589,1.9999999999999978,0.06720620556111963,0.02031654513320196,0.0247121698956602,1.0,-0.001265545619362432,0.005435645756022305,0.4112857390799305,8.667574724448134,120
scene_obj_big_box,big_box,16,1,Stage1_pregrasp,1,,1.6480000000000012,-2.106958496561604e-14,0.6000000000000187,0.01995638052009336,nan,nan,nan,nan,nan,nan,nan,nan,nan,nan,0
scene_obj_big_box,big_box,16,2,Stage2_grasp,1,,2.511999999999945,-0.07046840106695651,0.6016446925471225,0.019956380516606816,nan,nan,nan,nan,nan,nan,nan,nan,nan,nan,0
scene_obj_big_box,big_box,16,3,Stage3_close,0,no_contact,3.0519999999998855,-0.0704684010668099,0.6016446925474955,0.019956380520093332,nan,nan,nan,nan,nan,nan,999.0,nan,nan,0.0,0
scene_obj_big_box,big_box,16,4,Stage4_lift,0,skipped_due_to_failure(Stage3_close:no_contact),3.0519999999998855,-0.0704684010668099,0.6016446925474955,0.019956380520093332,nan,nan,nan,nan,nan,nan,nan,nan,nan,nan,0
scene_obj_big_box,big_box,16,5,Stage5_hold,0,skipped_due_to_failure(Stage3_close:no_contact),3.0519999999998855,-0.0704684010668099,0.6016446925474955,0.019956380520093332,nan,nan,nan,nan,nan,nan,nan,nan,nan,nan,0
scene_obj_big_box,big_box,17,1,Stage1_pregrasp,1,,1.6480000000000012,-2.1065963695665484e-14,0.6000000000000187,0.019956380520093357,nan,nan,nan,nan,nan,nan,nan,nan,nan,nan,0
scene_obj_big_box,big_box,17,2,Stage2_grasp,1,,2.511999999999945,-0.028165913931576293,0.6058576254998257,0.01995638051325927,nan,nan,nan,nan,nan,nan,nan,nan,nan,nan,0
scene_obj_big_box,big_box,17,3,Stage3_close,0,no_contact,3.0519999999998855,-0.02816591393127064,0.605857625500508,0.019956380520093308,nan,nan,nan,nan,nan,nan,999.0,nan,nan,0.0,0
scene_obj_big_box,big_box,17,4,Stage4_lift,0,skipped_due_to_failure(Stage3_close:no_contact),3.0519999999998855,-0.02816591393127064,0.605857625500508,0.019956380520093308,nan,nan,nan,nan,nan,nan,nan,nan,nan,nan,0
scene_obj_big_box,big_box,17,5,Stage5_hold,0,skipped_due_to_failure(Stage3_close:no_contact),3.0519999999998855,-0.02816591393127064,0.605857625500508,0.019956380520093308,nan,nan,nan,nan,nan,nan,nan,nan,nan,nan,0
scene_obj_big_box,big_box,18,1,Stage1_pregrasp,1,,1.6480000000000012,-2.1068602140683505e-14,0.6000000000000187,0.019956380520093377,nan,nan,nan,nan,nan,nan,nan,nan,nan,nan,0
scene_obj_big_box,big_box,18,2,Stage2_grasp,1,,2.511999999999945,-0.0478009510778328,0.6010505188132605,0.019956380519795675,nan,nan,nan,nan,nan,nan,nan,nan,nan,nan,0
scene_obj_big_box,big_box,18,3,Stage3_close,0,no_contact,3.0519999999998855,-0.047800951077855765,0.6010505188132886,0.01995638052009334,nan,nan,nan,nan,nan,nan,999.0,nan,nan,0.0,0
scene_obj_big_box,big_box,18,4,Stage4_lift,0,skipped_due_to_failure(Stage3_close:no_contact),3.0519999999998855,-0.047800951077855765,0.6010505188132886,0.01995638052009334,nan,nan,nan,nan,nan,nan,nan,nan,nan,nan,0
scene_obj_big_box,big_box,18,5,Stage5_hold,0,skipped_due_to_failure(Stage3_close:no_contact),3.0519999999998855,-0.047800951077855765,0.6010505188132886,0.01995638052009334,nan,nan,nan,nan,nan,nan,nan,nan,nan,nan,0
scene_obj_big_box,big_box,19,1,Stage1_pregrasp,1,,1.6480000000000012,-2.1067214917014226e-14,0.6000000000000187,0.019956380520093353,nan,nan,nan,nan,nan,nan,nan,nan,nan,nan,0
scene_obj_big_box,big_box,19,2,Stage2_grasp,1,,2.511999999999945,-0.047505610050165965,0.608483089759557,0.04747731375251437,nan,nan,nan,nan,nan,nan,nan,nan,nan,nan,0
scene_obj_big_box,big_box,19,3,Stage3_close,1,,3.0519999999998855,-0.05014537570950152,0.5912743984816674,0.049528162167724925,nan,nan,nan,nan,nan,nan,-0.0006743059728952261,nan,nan,9.649268082770277,2
scene_obj_big_box,big_box,19,4,Stage4_lift,0,lost_contact,3.501999999999836,-0.04974340385774789,0.5671232675253518,0.15029966312938875,0.13034328260930292,nan,nan,nan,nan,nan,nan,nan,nan,nan,0
scene_obj_big_box,big_box,19,5,Stage5_hold,0,skipped_due_to_failure(Stage4_lift:lost_contact),3.501999999999836,-0.04974340385774789,0.5671232675253518,0.15029966312938875,nan,nan,nan,nan,nan,nan,nan,nan,nan,nan,0
scene_obj_big_box,big_box,20,1,Stage1_pregrasp,1,,1.6480000000000012,-2.106791796574456e-14,0.6000000000000187,0.019956380520093363,nan,nan,nan,nan,nan,nan,nan,nan,nan,nan,0
scene_obj_big_box,big_box,20,2,Stage2_grasp,1,,2.511999999999945,-0.028930670611849615,0.6368203604013503,0.019956380511554312,nan,nan,nan,nan,nan,nan,nan,nan,nan,nan,0
scene_obj_big_box,big_box,20,3,Stage3_close,0,no_contact,3.0519999999998855,-0.034892719303679584,0.6367751104497479,0.019954367657160826,nan,nan,nan,nan,nan,nan,999.0,nan,nan,0.0,0
scene_obj_big_box,big_box,20,4,Stage4_lift,0,skipped_due_to_failure(Stage3_close:no_contact),3.0519999999998855,-0.034892719303679584,0.6367751104497479,0.019954367657160826,nan,nan,nan,nan,nan,nan,nan,nan,nan,nan,0
scene_obj_big_box,big_box,20,5,Stage5_hold,0,skipped_due_to_failure(Stage3_close:no_contact),3.0519999999998855,-0.034892719303679584,0.6367751104497479,0.019954367657160826,nan,nan,nan,nan,nan,nan,nan,nan,nan,nan,0
scene_obj_big_box,big_box,21,1,Stage1_pregrasp,1,,1.6480000000000012,-2.1068745081897934e-14,0.6000000000000187,0.019956380520093377,nan,nan,nan,nan,nan,nan,nan,nan,nan,nan,0
scene_obj_big_box,big_box,21,2,Stage2_grasp,1,,2.511999999999945,-0.044658084937448606,0.598098192419487,0.019956380520000934,nan,nan,nan,nan,nan,nan,nan,nan,nan,nan,0
scene_obj_big_box,big_box,21,3,Stage3_close,1,,3.0519999999998855,-0.046882710965885616,0.5981062349900429,0.020243261455968137,nan,nan,nan,nan,nan,nan,-4.6942724845124364e-05,nan,nan,19.134005050250227,1
scene_obj_big_box,big_box,21,4,Stage4_lift,0,dropped,3.0879999999998815,-0.05344779347448075,0.597506479148359,0.020115914414920104,0.00015953389483426908,nan,nan,nan,nan,nan,nan,nan,nan,nan,0
scene_obj_big_box,big_box,21,5,Stage5_hold,0,skipped_due_to_failure(Stage4_lift:dropped),3.0879999999998815,-0.05344779347448075,0.597506479148359,0.020115914414920104,nan,nan,nan,nan,nan,nan,nan,nan,nan,nan,0
scene_obj_big_box,big_box,22,1,Stage1_pregrasp,1,,1.6480000000000012,-2.1069863909150996e-14,0.6000000000000187,0.019956380520093357,nan,nan,nan,nan,nan,nan,nan,nan,nan,nan,0
scene_obj_big_box,big_box,22,2,Stage2_grasp,1,,2.511999999999945,-0.04269219457542879,0.5486746205012052,0.0199563804876075,nan,nan,nan,nan,nan,nan,nan,nan,nan,nan,0
scene_obj_big_box,big_box,22,3,Stage3_close,1,,3.0519999999998855,-0.03333239819303662,0.5540352867030779,0.024698960227328134,nan,nan,nan,nan,nan,nan,-0.00020082953016007168,nan,nan,6.201617979531796,1
scene_obj_big_box,big_box,22,4,Stage4_lift,0,dropped,3.0699999999998835,-0.032884911238224554,0.5583015301208446,0.030008265763607968,0.010051885243522133,nan,nan,nan,nan,nan,nan,nan,nan,nan,0
scene_obj_big_box,big_box,22,5,Stage5_hold,0,skipped_due_to_failure(Stage4_lift:dropped),3.0699999999998835,-0.032884911238224554,0.5583015301208446,0.030008265763607968,nan,nan,nan,nan,nan,nan,nan,nan,nan,nan,0
scene_obj_big_box,big_box,23,1,Stage1_pregrasp,1,,1.6480000000000012,-2.1066455524465378e-14,0.6000000000000187,0.019956380520093343,nan,nan,nan,nan,nan,nan,nan,nan,nan,nan,0
scene_obj_big_box,big_box,23,2,Stage2_grasp,1,,2.511999999999945,0.024929048467649255,0.6294898982253913,0.03658255511313014,nan,nan,nan,nan,nan,nan,nan,nan,nan,nan,0
scene_obj_big_box,big_box,23,3,Stage3_close,1,,3.0519999999998855,-0.04594302725608807,0.6131088275248681,0.03734751705075133,nan,nan,nan,nan,nan,nan,-0.003867912078548572,nan,nan,38.41051201773469,5
scene_obj_big_box,big_box,23,4,Stage4_lift,1,,4.131999999999767,-0.040495911095524376,0.6134772549143476,0.3325754521788205,0.31261907165873465,nan,nan,nan,nan,nan,nan,0.007148395383400241,2.152788394026467,nan,0
scene_obj_big_box,big_box,23,5,Stage5_hold,1,,6.291999999999529,-0.02213372938487981,0.6187380216714475,0.31791491317154946,0.31261907165873465,1.9999999999999978,0.03162656838067377,0.024897736904491735,0.07394111212928428,1.0,-0.0022124567495488785,0.006652587023703059,0.6083149808111074,9.66357705233974,120
scene_obj_big_box,big_box,24,1,Stage1_pregrasp,1,,1.6480000000000012,-2.1069075928359254e-14,0.6000000000000187,0.019956380520093367,nan,nan,nan,nan,nan,nan,nan,nan,nan,nan,0
scene_obj_big_box,big_box,24,2,Stage2_grasp,1,,2.511999999999945,-0.021414624134190118,0.6160284403028662,0.05815320466099733,nan,nan,nan,nan,nan,nan,nan,nan,nan,nan,0
scene_obj_big_box,big_box,24,3,Stage3_close,1,,3.0519999999998855,-0.06670993395220635,0.5906723570199051,0.07199566567740753,nan,nan,nan,nan,nan,nan,-0.001858436538414318,nan,nan,15.024816181615577,3
scene_obj_big_box,big_box,24,4,Stage4_lift,0,lost_contact,3.609999999999824,-0.06314354694379543,0.5409530777506871,0.14849435178165848,0.12853797126157265,nan,nan,nan,nan,nan,nan,nan,nan,nan,0
scene_obj_big_box,big_box,24,5,Stage5_hold,0,skipped_due_to_failure(Stage4_lift:lost_contact),3.609999999999824,-0.06314354694379543,0.5409530777506871,0.14849435178165848,nan,nan,nan,nan,nan,nan,nan,nan,nan,nan,0
scene_obj_big_box,big_box,25,1,Stage1_pregrasp,1,,1.6480000000000012,-2.1067495803439448e-14,0.6000000000000187,0.019956380520093357,nan,nan,nan,nan,nan,nan,nan,nan,nan,nan,0
scene_obj_big_box,big_box,25,2,Stage2_grasp,1,,2.511999999999945,-0.13340859640701894,0.5782189967462162,0.020673073139209193,nan,nan,nan,nan,nan,nan,nan,nan,nan,nan,0
scene_obj_big_box,big_box,25,3,Stage3_close,0,no_contact,3.0519999999998855,-0.13295737029083346,0.5785814581612962,0.019956380468208124,nan,nan,nan,nan,nan,nan,999.0,nan,nan,0.0,0
scene_obj_big_box,big_box,25,4,Stage4_lift,0,skipped_due_to_failure(Stage3_close:no_contact),3.0519999999998855,-0.13295737029083346,0.5785814581612962,0.019956380468208124,nan,nan,nan,nan,nan,nan,nan,nan,nan,nan,0
scene_obj_big_box,big_box,25,5,Stage5_hold,0,skipped_due_to_failure(Stage3_close:no_contact),3.0519999999998855,-0.13295737029083346,0.5785814581612962,0.019956380468208124,nan,nan,nan,nan,nan,nan,nan,nan,nan,nan,0
scene_obj_big_box,big_box,26,1,Stage1_pregrasp,1,,1.6480000000000012,-2.1079955003777554e-14,0.6000000000000187,0.019956380520093377,nan,nan,nan,nan,nan,nan,nan,nan,nan,nan,0
scene_obj_big_box,big_box,26,2,Stage2_grasp,1,,2.511999999999945,-0.1293466711746027,0.6561759544751646,0.08140044275572328,nan,nan,nan,nan,nan,nan,nan,nan,nan,nan,0
scene_obj_big_box,big_box,26,3,Stage3_close,1,,3.0519999999998855,-0.13656068155069126,0.6652856508914539,0.08087895481466703,nan,nan,nan,nan,nan,nan,-0.0004575468632166896,nan,nan,9.215350590556671,2
scene_obj_big_box,big_box,26,4,Stage4_lift,0,lost_contact,3.447999999999842,-0.1572660472036346,0.6549958719175952,0.19346893370907256,0.17351255318898673,nan,nan,nan,nan,nan,nan,nan,nan,nan,0
scene_obj_big_box,big_box,26,5,Stage5_hold,0,skipped_due_to_failure(Stage4_lift:lost_contact),3.447999999999842,-0.1572660472036346,0.6549958719175952,0.19346893370907256,nan,nan,nan,nan,nan,nan,nan,nan,nan,nan,0
scene_obj_big_box,big_box,27,1,Stage1_pregrasp,1,,1.6480000000000012,-2.1068896072229274e-14,0.6000000000000187,0.01995638052009338,nan,nan,nan,nan,nan,nan,nan,nan,nan,nan,0
scene_obj_big_box,big_box,27,2,Stage2_grasp,1,,2.511999999999945,-0.005352041279497829,0.6067861942623187,0.018027564106241387,nan,nan,nan,nan,nan,nan,nan,nan,nan,nan,0
scene_obj_big_box,big_box,27,3,Stage3_close,1,,3.0519999999998855,-0.0060460677543133995,0.6109969186775958,0.017389236636768727,nan,nan,nan,nan,nan,nan,-0.004148310396313554,nan,nan,94.2543513510472,2
scene_obj_big_box,big_box,27,4,Stage4_lift,0,dropped,3.1419999999998756,-0.003309557894028691,0.6061975077329276,0.0232039644691732,0.003247583949087366,nan,nan,nan,nan,nan,nan,nan,nan,nan,0
scene_obj_big_box,big_box,27,5,Stage5_hold,0,skipped_due_to_failure(Stage4_lift:dropped),3.1419999999998756,-0.003309557894028691,0.6061975077329276,0.0232039644691732,nan,nan,nan,nan,nan,nan,nan,nan,nan,nan,0
scene_obj_big_box,big_box,28,1,Stage1_pregrasp,1,,1.6480000000000012,-2.1067214917014226e-14,0.6000000000000187,0.019956380520093353,nan,nan,nan,nan,nan,nan,nan,nan,nan,nan,0
scene_obj_big_box,big_box,28,2,Stage2_grasp,1,,2.511999999999945,-0.03893704283576172,0.6113631893170101,0.019956380519570535,nan,nan,nan,nan,nan,nan,nan,nan,nan,nan,0
scene_obj_big_box,big_box,28,3,Stage3_close,0,no_contact,3.0519999999998855,-0.03893704283579893,0.6113631893170483,0.019956380520093343,nan,nan,nan,nan,nan,nan,999.0,nan,nan,0.0,0
scene_obj_big_box,big_box,28,4,Stage4_lift,0,skipped_due_to_failure(Stage3_close:no_contact),3.0519999999998855,-0.03893704283579893,0.6113631893170483,0.019956380520093343,nan,nan,nan,nan,nan,nan,nan,nan,nan,nan,0
scene_obj_big_box,big_box,28,5,Stage5_hold,0,skipped_due_to_failure(Stage3_close:no_contact),3.0519999999998855,-0.03893704283579893,0.6113631893170483,0.019956380520093343,nan,nan,nan,nan,nan,nan,nan,nan,nan,nan,0
scene_obj_big_box,big_box,29,1,Stage1_pregrasp,1,,1.6480000000000012,-2.106745083940696e-14,0.6000000000000187,0.019956380520093353,nan,nan,nan,nan,nan,nan,nan,nan,nan,nan,0
scene_obj_big_box,big_box,29,2,Stage2_grasp,1,,2.511999999999945,-0.05392287788835523,0.4916383986460155,0.01995636360885024,nan,nan,nan,nan,nan,nan,nan,nan,nan,nan,0
scene_obj_big_box,big_box,29,3,Stage3_close,0,no_contact,3.0519999999998855,-0.05392287754218525,0.49163839951909194,0.01995638052009311,nan,nan,nan,nan,nan,nan,999.0,nan,nan,0.0,0
scene_obj_big_box,big_box,29,4,Stage4_lift,0,skipped_due_to_failure(Stage3_close:no_contact),3.0519999999998855,-0.05392287754218525,0.49163839951909194,0.01995638052009311,nan,nan,nan,nan,nan,nan,nan,nan,nan,nan,0
scene_obj_big_box,big_box,29,5,Stage5_hold,0,skipped_due_to_failure(Stage3_close:no_contact),3.0519999999998855,-0.05392287754218525,0.49163839951909194,0.01995638052009311,nan,nan,nan,nan,nan,nan,nan,nan,nan,nan,0
scene_obj_big_box,big_box,30,1,Stage1_pregrasp,1,,1.6480000000000012,-2.1073201517118764e-14,0.6000000000000187,0.019956380520093388,nan,nan,nan,nan,nan,nan,nan,nan,nan,nan,0
scene_obj_big_box,big_box,30,2,Stage2_grasp,1,,2.511999999999945,-0.048553292461958025,0.5682269155322055,0.02461543746628144,nan,nan,nan,nan,nan,nan,nan,nan,nan,nan,0
scene_obj_big_box,big_box,30,3,Stage3_close,0,no_contact,3.0519999999998855,-0.04009383004029024,0.5627086270452653,0.019956378888287888,nan,nan,nan,nan,nan,nan,999.0,nan,nan,0.0,0
scene_obj_big_box,big_box,30,4,Stage4_lift,0,skipped_due_to_failure(Stage3_close:no_contact),3.0519999999998855,-0.04009383004029024,0.5627086270452653,0.019956378888287888,nan,nan,nan,nan,nan,nan,nan,nan,nan,nan,0
scene_obj_big_box,big_box,30,5,Stage5_hold,0,skipped_due_to_failure(Stage3_close:no_contact),3.0519999999998855,-0.04009383004029024,0.5627086270452653,0.019956378888287888,nan,nan,nan,nan,nan,nan,nan,nan,nan,nan,0
scene_obj_big_box,big_box,31,1,Stage1_pregrasp,1,,1.6480000000000012,-2.1069849476251652e-14,0.6000000000000187,0.019956380520093357,nan,nan,nan,nan,nan,nan,nan,nan,nan,nan,0
scene_obj_big_box,big_box,31,2,Stage2_grasp,1,,2.511999999999945,-0.11886526103889121,0.5837159721336213,0.019956380508222904,nan,nan,nan,nan,nan,nan,nan,nan,nan,nan,0
scene_obj_big_box,big_box,31,3,Stage3_close,0,no_contact,3.0519999999998855,-0.11886526103869699,0.5837159721347187,0.019956380520093346,nan,nan,nan,nan,nan,nan,999.0,nan,nan,0.0,0
scene_obj_big_box,big_box,31,4,Stage4_lift,0,skipped_due_to_failure(Stage3_close:no_contact),3.0519999999998855,-0.11886526103869699,0.5837159721347187,0.019956380520093346,nan,nan,nan,nan,nan,nan,nan,nan,nan,nan,0
scene_obj_big_box,big_box,31,5,Stage5_hold,0,skipped_due_to_failure(Stage3_close:no_contact),3.0519999999998855,-0.11886526103869699,0.5837159721347187,0.019956380520093346,nan,nan,nan,nan,nan,nan,nan,nan,nan,nan,0
scene_obj_big_box,big_box,32,1,Stage1_pregrasp,1,,1.6480000000000012,-2.106868401963156e-14,0.6000000000000187,0.019956380520093363,nan,nan,nan,nan,nan,nan,nan,nan,nan,nan,0
scene_obj_big_box,big_box,32,2,Stage2_grasp,1,,2.511999999999945,-0.05835386032646831,0.6323818703261636,0.019956380519039894,nan,nan,nan,nan,nan,nan,nan,nan,nan,nan,0
scene_obj_big_box,big_box,32,3,Stage3_close,0,no_contact,3.0519999999998855,-0.05835386032636216,0.6323818703262168,0.019956380520093353,nan,nan,nan,nan,nan,nan,999.0,nan,nan,0.0,0
scene_obj_big_box,big_box,32,4,Stage4_lift,0,skipped_due_to_failure(Stage3_close:no_contact),3.0519999999998855,-0.05835386032636216,0.6323818703262168,0.019956380520093353,nan,nan,nan,nan,nan,nan,nan,nan,nan,nan,0
scene_obj_big_box,big_box,32,5,Stage5_hold,0,skipped_due_to_failure(Stage3_close:no_contact),3.0519999999998855,-0.05835386032636216,0.6323818703262168,0.019956380520093353,nan,nan,nan,nan,nan,nan,nan,nan,nan,nan,0
scene_obj_big_box,big_box,33,1,Stage1_pregrasp,1,,1.6480000000000012,-0.00023176458465630387,0.5971267375904623,0.017913680927479123,nan,nan,nan,nan,nan,nan,nan,nan,nan,nan,0
scene_obj_big_box,big_box,33,2,Stage2_grasp,1,,2.511999999999945,-0.11890624804266736,0.46030582210030235,0.019956213597748067,nan,nan,nan,nan,nan,nan,nan,nan,nan,nan,0
scene_obj_big_box,big_box,33,3,Stage3_close,0,no_contact,3.0519999999998855,-0.11890623047281296,0.46030581173005825,0.01995638052009083,nan,nan,nan,nan,nan,nan,999.0,nan,nan,0.0,0
scene_obj_big_box,big_box,33,4,Stage4_lift,0,skipped_due_to_failure(Stage3_close:no_contact),3.0519999999998855,-0.11890623047281296,0.46030581173005825,0.01995638052009083,nan,nan,nan,nan,nan,nan,nan,nan,nan,nan,0
scene_obj_big_box,big_box,33,5,Stage5_hold,0,skipped_due_to_failure(Stage3_close:no_contact),3.0519999999998855,-0.11890623047281296,0.46030581173005825,0.01995638052009083,nan,nan,nan,nan,nan,nan,nan,nan,nan,nan,0
scene_obj_big_box,big_box,34,1,Stage1_pregrasp,1,,1.6480000000000012,-2.1072400768762208e-14,0.6000000000000187,0.019956380520093346,nan,nan,nan,nan,nan,nan,nan,nan,nan,nan,0
scene_obj_big_box,big_box,34,2,Stage2_grasp,1,,2.511999999999945,-2.1067658451112432e-14,0.6000000000000187,0.019956380520093363,nan,nan,nan,nan,nan,nan,nan,nan,nan,nan,0
scene_obj_big_box,big_box,34,3,Stage3_close,0,no_contact,3.0519999999998855,-2.1069291589181577e-14,0.6000000000000187,0.019956380520093363,nan,nan,nan,nan,nan,nan,999.0,nan,nan,0.0,0
scene_obj_big_box,big_box,34,4,Stage4_lift,0,skipped_due_to_failure(Stage3_close:no_contact),3.0519999999998855,-2.1069291589181577e-14,0.6000000000000187,0.019956380520093363,nan,nan,nan,nan,nan,nan,nan,nan,nan,nan,0
scene_obj_big_box,big_box,34,5,Stage5_hold,0,skipped_due_to_failure(Stage3_close:no_contact),3.0519999999998855,-2.1069291589181577e-14,0.6000000000000187,0.019956380520093363,nan,nan,nan,nan,nan,nan,nan,nan,nan,nan,0
scene_obj_big_box,big_box,35,1,Stage1_pregrasp,1,,1.6480000000000012,-2.1067495803439448e-14,0.6000000000000187,0.019956380520093357,nan,nan,nan,nan,nan,nan,nan,nan,nan,nan,0
scene_obj_big_box,big_box,35,2,Stage2_grasp,1,,2.511999999999945,-0.08727941476681826,0.6617292688873467,0.05898556236752695,nan,nan,nan,nan,nan,nan,nan,nan,nan,nan,0
scene_obj_big_box,big_box,35,3,Stage3_close,1,,3.0519999999998855,-0.10499719638093287,0.6549628830370293,0.06693369182436683,nan,nan,nan,nan,nan,nan,-0.0010946529815989206,nan,nan,8.061826823347277,3
scene_obj_big_box,big_box,35,4,Stage4_lift,1,,4.131999999999767,-0.11794505821819143,0.6413590018726436,0.3517430249515732,0.33178664443148737,nan,nan,nan,nan,nan,nan,0.004962464261277017,0.35860511367398573,nan,0
scene_obj_big_box,big_box,35,5,Stage5_hold,1,,4.797999999999694,-0.16673939794673945,0.520306648007779,0.02756385782423003,0.33178664443148737,0.6000000000000002,0.4257695700514181,0.9674745148662454,3.389744502378447,0.5945945945945946,-0.000435027847458384,0.005152974467222789,0.3799541899565538,7.814622220040771,22
scene_obj_big_box,big_box,36,1,Stage1_pregrasp,1,,1.6480000000000012,-2.107394120320891e-14,0.6000000000000187,0.01995638052009335,nan,nan,nan,nan,nan,nan,nan,nan,nan,nan,0
scene_obj_big_box,big_box,36,2,Stage2_grasp,1,,2.511999999999945,-0.00853830230268478,0.6079692441424974,0.018851017698029972,nan,nan,nan,nan,nan,nan,nan,nan,nan,nan,0
scene_obj_big_box,big_box,36,3,Stage3_close,1,,3.0519999999998855,-0.022264386205122506,0.6091757026042123,0.021108792362791284,nan,nan,nan,nan,nan,nan,-0.0023969381351803525,nan,nan,32.96075354033655,3
scene_obj_big_box,big_box,36,4,Stage4_lift,0,dropped,3.1419999999998756,-0.023725498687234912,0.6014582570470168,0.03576417093584198,0.015807790415756143,nan,nan,nan,nan,nan,nan,nan,nan,nan,0
scene_obj_big_box,big_box,36,5,Stage5_hold,0,skipped_due_to_failure(Stage4_lift:dropped),3.1419999999998756,-0.023725498687234912,0.6014582570470168,0.03576417093584198,nan,nan,nan,nan,nan,nan,nan,nan,nan,nan,0
scene_obj_big_box,big_box,37,1,Stage1_pregrasp,1,,1.6480000000000012,-2.107965108022456e-14,0.6000000000000187,0.01995638052009338,nan,nan,nan,nan,nan,nan,nan,nan,nan,nan,0
scene_obj_big_box,big_box,37,2,Stage2_grasp,1,,2.511999999999945,-0.12000234597490582,0.5492944930309283,0.019956378371324135,nan,nan,nan,nan,nan,nan,nan,nan,nan,nan,0
scene_obj_big_box,big_box,37,3,Stage3_close,0,no_contact,3.0519999999998855,-0.1200023457676883,0.5492944928349669,0.019956380520093322,nan,nan,nan,nan,nan,nan,999.0,nan,nan,0.0,0
scene_obj_big_box,big_box,37,4,Stage4_lift,0,skipped_due_to_failure(Stage3_close:no_contact),3.0519999999998855,-0.1200023457676883,0.5492944928349669,0.019956380520093322,nan,nan,nan,nan,nan,nan,nan,nan,nan,nan,0
scene_obj_big_box,big_box,37,5,Stage5_hold,0,skipped_due_to_failure(Stage3_close:no_contact),3.0519999999998855,-0.1200023457676883,0.5492944928349669,0.019956380520093322,nan,nan,nan,nan,nan,nan,nan,nan,nan,nan,0
scene_obj_big_box,big_box,38,1,Stage1_pregrasp,1,,1.6480000000000012,8.833431368652085e-05,0.6001835762337935,0.019897819401616446,nan,nan,nan,nan,nan,nan,nan,nan,nan,nan,0
scene_obj_big_box,big_box,38,2,Stage2_grasp,1,,2.511999999999945,-0.001207592118097718,0.6123558942032961,0.03595377980809479,nan,nan,nan,nan,nan,nan,nan,nan,nan,nan,0
scene_obj_big_box,big_box,38,3,Stage3_close,1,,3.0519999999998855,-0.009175751486500391,0.6075103713886701,0.0347395965866679,nan,nan,nan,nan,nan,nan,-0.0012243615881012866,nan,nan,12.67755079420753,5
scene_obj_big_box,big_box,38,4,Stage4_lift,0,lost_contact,3.537999999999832,-0.022947192341597637,0.5787039558243097,0.14100183357464474,0.12104545305455891,nan,nan,nan,nan,nan,nan,nan,nan,nan,0
scene_obj_big_box,big_box,38,5,Stage5_hold,0,skipped_due_to_failure(Stage4_lift:lost_contact),3.537999999999832,-0.022947192341597637,0.5787039558243097,0.14100183357464474,nan,nan,nan,nan,nan,nan,nan,nan,nan,nan,0
scene_obj_big_box,big_box,39,1,Stage1_pregrasp,1,,1.6480000000000012,-2.106767482690218e-14,0.6000000000000187,0.01995638052009335,nan,nan,nan,nan,nan,nan,nan,nan,nan,nan,0
scene_obj_big_box,big_box,39,2,Stage2_grasp,1,,2.511999999999945,-0.049521094417623826,0.6143098834645848,0.019956380519748504,nan,nan,nan,nan,nan,nan,nan,nan,nan,nan,0
scene_obj_big_box,big_box,39,3,Stage3_close,1,,3.0519999999998855,-0.06754738309813457,0.6125932798706143,0.03611058463427697,nan,nan,nan,nan,nan,nan,-0.0005508448077136616,nan,nan,10.247168539846927,3
scene_obj_big_box,big_box,39,4,Stage4_lift,0,lost_contact,3.0879999999998815,-0.0689360935547603,0.6108118142500154,0.04111458357995314,0.021158203059867303,nan,nan,nan,nan,nan,nan,nan,nan,nan,0
scene_obj_big_box,big_box,39,5,Stage5_hold,0,skipped_due_to_failure(Stage4_lift:lost_contact),3.0879999999998815,-0.0689360935547603,0.6108118142500154,0.04111458357995314,nan,nan,nan,nan,nan,nan,nan,nan,nan,nan,0
scene_obj_big_box,big_box,40,1,Stage1_pregrasp,1,,1.6480000000000012,-2.1069376521243163e-14,0.6000000000000187,0.019956380520093357,nan,nan,nan,nan,nan,nan,nan,nan,nan,nan,0
scene_obj_big_box,big_box,40,2,Stage2_grasp,1,,2.511999999999945,-0.06056202190974394,0.6653290964844907,0.0754122007641333,nan,nan,nan,nan,nan,nan,nan,nan,nan,nan,0
scene_obj_big_box,big_box,40,3,Stage3_close,1,,3.0519999999998855,-0.07856062070183446,0.6651726534068596,0.08385944457488988,nan,nan,nan,nan,nan,nan,-0.0005185238603580711,nan,nan,9.265019182639037,2
scene_obj_big_box,big_box,40,4,Stage4_lift,0,lost_contact,3.681999999999816,-0.11302836993788086,0.6325933112622679,0.22790397449743027,0.20794759397734444,nan,nan,nan,nan,nan,nan,nan,nan,nan,0
scene_obj_big_box,big_box,40,5,Stage5_hold,0,skipped_due_to_failure(Stage4_lift:lost_contact),3.681999999999816,-0.11302836993788086,0.6325933112622679,0.22790397449743027,nan,nan,nan,nan,nan,nan,nan,nan,nan,nan,0
scene_obj_big_box,big_box,41,1,Stage1_pregrasp,1,,1.6480000000000012,-2.1069863909150996e-14,0.6000000000000187,0.019956380520093357,nan,nan,nan,nan,nan,nan,nan,nan,nan,nan,0
scene_obj_big_box,big_box,41,2,Stage2_grasp,1,,2.511999999999945,-0.06861723415439995,0.6417454146271903,0.04574498844054113,nan,nan,nan,nan,nan,nan,nan,nan,nan,nan,0
scene_obj_big_box,big_box,41,3,Stage3_close,1,,3.0519999999998855,-0.09418943696840953,0.63458872212276,0.058572339620627925,nan,nan,nan,nan,nan,nan,-0.0012679016307777828,nan,nan,9.285959119718715,3
scene_obj_big_box,big_box,41,4,Stage4_lift,1,,4.131999999999767,-0.10469907791769577,0.6217814048409895,0.3399848159566432,0.32002843543655735,nan,nan,nan,nan,nan,nan,0.0050933234099889745,0.37546728025356774,nan,0
scene_obj_big_box,big_box,41,5,Stage5_hold,1,,5.481999999999618,-0.1401188513392373,0.492672303021419,0.0140549476958441,0.32002843543655735,1.2333333333333338,0.38030440560032786,0.6777342623863117,2.6127488751327532,0.8,-0.001059324241151592,0.005255297703240822,0.3945775719716568,6.87138428384918,60
scene_obj_big_box,big_box,42,1,Stage1_pregrasp,1,,1.6480000000000012,-2.1068745081897934e-14,0.6000000000000187,0.019956380520093377,nan,nan,nan,nan,nan,nan,nan,nan,nan,nan,0
scene_obj_big_box,big_box,42,2,Stage2_grasp,1,,2.511999999999945,-2.106753521635674e-14,0.6000000000000187,0.01995638052009338,nan,nan,nan,nan,nan,nan,nan,nan,nan,nan,0
scene_obj_big_box,big_box,42,3,Stage3_close,1,,3.0519999999998855,-0.02468446223183306,0.5665560846339894,0.03656380373746313,nan,nan,nan,nan,nan,nan,-0.0008673899364882009,nan,nan,25.950696896630916,3
scene_obj_big_box,big_box,42,4,Stage4_lift,1,,4.131999999999767,-0.04523924806871156,0.5698823217289128,0.3650190753924707,0.34506269487238483,nan,nan,nan,nan,nan,nan,0.014907022666336782,3.587255777049349,nan,0
scene_obj_big_box,big_box,42,5,Stage5_hold,1,,6.291999999999529,-0.03947826124801356,0.5651549474812317,0.378253559557579,0.34506269487238483,1.9999999999999978,0.10691932007801841,0.02149488553408228,0.044062348745185324,1.0,-0.0005062021496260224,0.01244678996820702,3.1788207108188176,6.241743258172273,120
scene_obj_big_box,big_box,43,1,Stage1_pregrasp,1,,1.6480000000000012,-2.107151036989647e-14,0.6000000000000187,0.019956380520093367,nan,nan,nan,nan,nan,nan,nan,nan,nan,nan,0
scene_obj_big_box,big_box,43,2,Stage2_grasp,1,,2.511999999999945,-0.006623693630562728,0.6067203335509099,0.018843734194435337,nan,nan,nan,nan,nan,nan,nan,nan,nan,nan,0
scene_obj_big_box,big_box,43,3,Stage3_close,1,,3.0519999999998855,-0.024135149335394113,0.601215294385231,0.03286554960581988,nan,nan,nan,nan,nan,nan,-0.0025722047116169752,nan,nan,39.39705922155397,3
scene_obj_big_box,big_box,43,4,Stage4_lift,0,dropped,3.1419999999998756,-0.02692425264098617,0.5809171060480544,0.027495552463507787,0.007539171943421952,nan,nan,nan,nan,nan,nan,nan,nan,nan,0
scene_obj_big_box,big_box,43,5,Stage5_hold,0,skipped_due_to_failure(Stage4_lift:dropped),3.1419999999998756,-0.02692425264098617,0.5809171060480544,0.027495552463507787,nan,nan,nan,nan,nan,nan,nan,nan,nan,nan,0
scene_obj_big_box,big_box,44,1,Stage1_pregrasp,1,,1.6480000000000012,-2.107343077817334e-14,0.6000000000000187,0.019956380520093384,nan,nan,nan,nan,nan,nan,nan,nan,nan,nan,0
scene_obj_big_box,big_box,44,2,Stage2_grasp,1,,2.511999999999945,-0.10841647671661758,0.5925808040881441,0.042922598761243616,nan,nan,nan,nan,nan,nan,nan,nan,nan,nan,0
scene_obj_big_box,big_box,44,3,Stage3_close,1,,3.0519999999998855,-0.13490276377970112,0.5927992299908309,0.038639092635593654,nan,nan,nan,nan,nan,nan,-0.0009464904416127094,nan,nan,41.87434878039486,1
scene_obj_big_box,big_box,44,4,Stage4_lift,1,,4.131999999999767,-0.13674917384933702,0.5945496980682704,0.3248920723260795,0.3049356918059936,nan,nan,nan,nan,nan,nan,0.008429471494763346,0.6895890537105444,nan,0
scene_obj_big_box,big_box,44,5,Stage5_hold,1,,6.291999999999529,-0.13736777036631026,0.5948137951281633,0.33054398472669544,0.3049356918059936,1.9999999999999978,0.011211968117911073,0.01838681109838002,0.02583783008127192,1.0,-0.00056200045402426,0.00849686020671357,0.6951069235829327,11.75931118855288,120
scene_obj_big_box,big_box,45,1,Stage1_pregrasp,1,,1.6480000000000012,-2.106726709749638e-14,0.6000000000000187,0.019956380520093332,nan,nan,nan,nan,nan,nan,nan,nan,nan,nan,0
scene_obj_big_box,big_box,45,2,Stage2_grasp,1,,2.511999999999945,-0.070888393682417,0.6558560582866221,0.043103801226683,nan,nan,nan,nan,nan,nan,nan,nan,nan,nan,0
scene_obj_big_box,big_box,45,3,Stage3_close,1,,3.0519999999998855,-0.09667490501673305,0.6890859836151131,0.039494628154026594,nan,nan,nan,nan,nan,nan,-0.001332981598549571,nan,nan,17.141456417393854,3
scene_obj_big_box,big_box,45,4,Stage4_lift,1,,4.131999999999767,-0.10223014197010714,0.6904604183522549,0.3221162908038875,0.3021599102838016,nan,nan,nan,nan,nan,nan,0.005618644522075706,0.43004755228822134,nan,0
scene_obj_big_box,big_box,45,5,Stage5_hold,1,,6.291999999999529,-0.10282024102870559,0.6885457034860836,0.3212108176754182,0.3021599102838016,1.9999999999999978,0.050257728456842087,0.02125227208920521,0.03596727953276934,1.0,-0.0021054403836376166,0.005629688811780791,0.4434887195222582,11.436780775706692,120
scene_obj_big_box,big_box,46,1,Stage1_pregrasp,1,,1.6480000000000012,-2.1068745081897934e-14,0.6000000000000187,0.019956380520093377,nan,nan,nan,nan,nan,nan,nan,nan,nan,nan,0
scene_obj_big_box,big_box,46,2,Stage2_grasp,1,,2.511999999999945,-0.14338057783572952,0.5774197236339245,0.019956380509265844,nan,nan,nan,nan,nan,nan,nan,nan,nan,nan,0
scene_obj_big_box,big_box,46,3,Stage3_close,0,no_contact,3.0519999999998855,-0.14338057783553987,0.5774197236348428,0.019956380520093343,nan,nan,nan,nan,nan,nan,999.0,nan,nan,0.0,0
scene_obj_big_box,big_box,46,4,Stage4_lift,0,skipped_due_to_failure(Stage3_close:no_contact),3.0519999999998855,-0.14338057783553987,0.5774197236348428,0.019956380520093343,nan,nan,nan,nan,nan,nan,nan,nan,nan,nan,0
scene_obj_big_box,big_box,46,5,Stage5_hold,0,skipped_due_to_failure(Stage3_close:no_contact),3.0519999999998855,-0.14338057783553987,0.5774197236348428,0.019956380520093343,nan,nan,nan,nan,nan,nan,nan,nan,nan,nan,0
scene_obj_big_box,big_box,47,1,Stage1_pregrasp,1,,1.6480000000000012,-2.1068745081897934e-14,0.6000000000000187,0.019956380520093377,nan,nan,nan,nan,nan,nan,nan,nan,nan,nan,0
scene_obj_big_box,big_box,47,2,Stage2_grasp,1,,2.511999999999945,-0.005770159902038928,0.6141398298249827,0.05348886786087957,nan,nan,nan,nan,nan,nan,nan,nan,nan,nan,0
scene_obj_big_box,big_box,47,3,Stage3_close,1,,3.0519999999998855,-0.022586046027661726,0.6017415523794096,0.05514112224175663,nan,nan,nan,nan,nan,nan,-0.002461574190875161,nan,nan,27.85611847810982,3
scene_obj_big_box,big_box,47,4,Stage4_lift,1,,4.131999999999767,-0.005723988490499165,0.5882721299511507,0.31525659612012125,0.2953002156000354,nan,nan,nan,nan,nan,nan,0.005248947439067742,0.40649795306834463,nan,0
scene_obj_big_box,big_box,47,5,Stage5_hold,1,,5.265999999999642,0.12050487228551668,0.41208503138303093,0.03326825013218569,0.2953002156000354,1.0333333333333345,0.46946351202389414,0.7487525544125131,3.0891640747195614,0.5714285714285714,-0.0011029513035278674,0.005362687218942618,0.4247851685334887,7.647785405477033,36
scene_obj_big_box,big_box,48,1,Stage1_pregrasp,1,,1.6480000000000012,-2.1069926359196122e-14,0.6000000000000187,0.019956380520093374,nan,nan,nan,nan,nan,nan,nan,nan,nan,nan,0
scene_obj_big_box,big_box,48,2,Stage2_grasp,1,,2.511999999999945,-0.04885963881196299,0.598185611348265,0.019956380512637897,nan,nan,nan,nan,nan,nan,nan,nan,nan,nan,0
scene_obj_big_box,big_box,48,3,Stage3_close,1,,3.0519999999998855,-0.04904660336496447,0.5981299445631393,0.020222957129199075,nan,nan,nan,nan,nan,nan,-0.0017757989810269672,nan,nan,11.385973903151397,1
scene_obj_big_box,big_box,48,4,Stage4_lift,0,dropped,3.0879999999998815,-0.053594793914691116,0.5971835041665281,0.019392695254876545,-0.0005636852652092898,nan,nan,nan,nan,nan,nan,nan,nan,nan,0
scene_obj_big_box,big_box,48,5,Stage5_hold,0,skipped_due_to_failure(Stage4_lift:dropped),3.0879999999998815,-0.053594793914691116,0.5971835041665281,0.019392695254876545,nan,nan,nan,nan,nan,nan,nan,nan,nan,nan,0
scene_obj_big_box,big_box,49,1,Stage1_pregrasp,1,,1.6480000000000012,0.0020893928086234263,0.5989001954930472,0.017500522057061405,nan,nan,nan,nan,nan,nan,nan,nan,nan,nan,0
scene_obj_big_box,big_box,49,2,Stage2_grasp,1,,2.511999999999945,-0.07304805247797848,0.4640091470733386,0.01995637953870426,nan,nan,nan,nan,nan,nan,nan,nan,nan,nan,0
scene_obj_big_box,big_box,49,3,Stage3_close,0,no_contact,3.0519999999998855,-0.0730480525460947,0.4640091469592095,0.019956380520093332,nan,nan,nan,nan,nan,nan,999.0,nan,nan,0.0,0
scene_obj_big_box,big_box,49,4,Stage4_lift,0,skipped_due_to_failure(Stage3_close:no_contact),3.0519999999998855,-0.0730480525460947,0.4640091469592095,0.019956380520093332,nan,nan,nan,nan,nan,nan,nan,nan,nan,nan,0
scene_obj_big_box,big_box,49,5,Stage5_hold,0,skipped_due_to_failure(Stage3_close:no_contact),3.0519999999998855,-0.0730480525460947,0.4640091469592095,0.019956380520093332,nan,nan,nan,nan,nan,nan,nan,nan,nan,nan,0
scene_obj_big_box,big_box,50,1,Stage1_pregrasp,1,,1.6480000000000012,-2.1074516853847165e-14,0.6000000000000187,0.019956380520093388,nan,nan,nan,nan,nan,nan,nan,nan,nan,nan,0
scene_obj_big_box,big_box,50,2,Stage2_grasp,1,,2.511999999999945,0.011378133302482161,0.6361518370258339,0.06058398157437388,nan,nan,nan,nan,nan,nan,nan,nan,nan,nan,0
scene_obj_big_box,big_box,50,3,Stage3_close,1,,3.0519999999998855,0.020359652856192668,0.6445909861378903,0.0453646116536874,nan,nan,nan,nan,nan,nan,-5.946741931345343e-05,nan,nan,0.7457679601925993,1
scene_obj_big_box,big_box,50,4,Stage4_lift,0,lost_contact,3.1239999999998775,0.013445647403395827,0.6415448360204489,0.054379887831604475,0.034423507311518636,nan,nan,nan,nan,nan,nan,nan,nan,nan,0
scene_obj_big_box,big_box,50,5,Stage5_hold,0,skipped_due_to_failure(Stage4_lift:lost_contact),3.1239999999998775,0.013445647403395827,0.6415448360204489,0.054379887831604475,nan,nan,nan,nan,nan,nan,nan,nan,nan,nan,0
scene_obj_big_box,big_box,51,1,Stage1_pregrasp,1,,1.6480000000000012,-2.1066737521113637e-14,0.6000000000000187,0.019956380520093343,nan,nan,nan,nan,nan,nan,nan,nan,nan,nan,0
scene_obj_big_box,big_box,51,2,Stage2_grasp,1,,2.511999999999945,-0.061850911986169196,0.6450065982487199,0.04099737590971864,nan,nan,nan,nan,nan,nan,nan,nan,nan,nan,0
scene_obj_big_box,big_box,51,3,Stage3_close,1,,3.0519999999998855,-0.08848383285771917,0.66582071744043,0.03922896123491746,nan,nan,nan,nan,nan,nan,-0.002080715770230805,nan,nan,24.020054315780317,3
scene_obj_big_box,big_box,51,4,Stage4_lift,1,,4.131999999999767,-0.09121288698119463,0.6727741537394136,0.3127800864657476,0.29282370594566176,nan,nan,nan,nan,nan,nan,0.00503917759320803,0.3737844204682664,nan,0
scene_obj_big_box,big_box,51,5,Stage5_hold,1,,6.291999999999529,-0.09036316363125084,0.6718699214723334,0.3144524702455373,0.29282370594566176,1.9999999999999978,0.06462850026353201,0.02063544580278475,0.025142802373269622,1.0,-0.0014944340781841022,0.005048172674447788,0.387128578330418,10.32919733272928,120
scene_obj_big_box,big_box,52,1,Stage1_pregrasp,1,,1.6480000000000012,-2.1068745081897934e-14,0.6000000000000187,0.019956380520093377,nan,nan,nan,nan,nan,nan,nan,nan,nan,nan,0
scene_obj_big_box,big_box,52,2,Stage2_grasp,1,,2.511999999999945,-0.0926506376274987,0.6824270641895297,0.07890569919679805,nan,nan,nan,nan,nan,nan,nan,nan,nan,nan,0
scene_obj_big_box,big_box,52,3,Stage3_close,1,,3.0519999999998855,-0.15082028439592474,0.657448990790881,0.0862478397675412,nan,nan,nan,nan,nan,nan,-0.0008310305965483211,nan,nan,7.950992492107173,3
scene_obj_big_box,big_box,52,4,Stage4_lift,0,lost_contact,3.681999999999816,-0.17738309601046853,0.6340790501284314,0.23992889586318006,0.21997251534309423,nan,nan,nan,nan,nan,nan,nan,nan,nan,0
scene_obj_big_box,big_box,52,5,Stage5_hold,0,skipped_due_to_failure(Stage4_lift:lost_contact),3.681999999999816,-0.17738309601046853,0.6340790501284314,0.23992889586318006,nan,nan,nan,nan,nan,nan,nan,nan,nan,nan,0
scene_obj_big_box,big_box,53,1,Stage1_pregrasp,1,,1.6480000000000012,-2.1079597234407876e-14,0.6000000000000187,0.019956380520093384,nan,nan,nan,nan,nan,nan,nan,nan,nan,nan,0
scene_obj_big_box,big_box,53,2,Stage2_grasp,1,,2.511999999999945,-0.03356972569319361,0.5726456344648683,0.019955897950758063,nan,nan,nan,nan,nan,nan,nan,nan,nan,nan,0
scene_obj_big_box,big_box,53,3,Stage3_close,0,no_contact,3.0519999999998855,-0.0949014192270243,0.6614138910969265,0.15846084377722522,nan,nan,nan,nan,nan,nan,999.0,nan,nan,0.0,0
scene_obj_big_box,big_box,53,4,Stage4_lift,0,skipped_due_to_failure(Stage3_close:no_contact),3.0519999999998855,-0.0949014192270243,0.6614138910969265,0.15846084377722522,nan,nan,nan,nan,nan,nan,nan,nan,nan,nan,0
scene_obj_big_box,big_box,53,5,Stage5_hold,0,skipped_due_to_failure(Stage3_close:no_contact),3.0519999999998855,-0.0949014192270243,0.6614138910969265,0.15846084377722522,nan,nan,nan,nan,nan,nan,nan,nan,nan,nan,0
scene_obj_big_box,big_box,54,1,Stage1_pregrasp,1,,1.6480000000000012,-0.002655610783464042,0.603295729932223,0.01943767269162867,nan,nan,nan,nan,nan,nan,nan,nan,nan,nan,0
scene_obj_big_box,big_box,54,2,Stage2_grasp,1,,2.511999999999945,-0.10084236704026023,0.6952338165854056,0.0815547863644462,nan,nan,nan,nan,nan,nan,nan,nan,nan,nan,0
scene_obj_big_box,big_box,54,3,Stage3_close,1,,3.0519999999998855,-0.13609161068767509,0.7205037500214896,0.07941710528037987,nan,nan,nan,nan,nan,nan,-0.0008279736572123358,nan,nan,12.662618898075756,3
scene_obj_big_box,big_box,54,4,Stage4_lift,0,lost_contact,3.64599999999982,-0.17209290212233527,0.6944125224573988,0.22175735465119936,0.20180097413111353,nan,nan,nan,nan,nan,nan,nan,nan,nan,0
scene_obj_big_box,big_box,54,5,Stage5_hold,0,skipped_due_to_failure(Stage4_lift:lost_contact),3.64599999999982,-0.17209290212233527,0.6944125224573988,0.22175735465119936,nan,nan,nan,nan,nan,nan,nan,nan,nan,nan,0
scene_obj_big_box,big_box,55,1,Stage1_pregrasp,1,,1.6480000000000012,-2.1069297417852676e-14,0.6000000000000187,0.019956380520093377,nan,nan,nan,nan,nan,nan,nan,nan,nan,nan,0
scene_obj_big_box,big_box,55,2,Stage2_grasp,1,,2.511999999999945,-0.0208961373254651,0.6402619409263237,0.04232180233785919,nan,nan,nan,nan,nan,nan,nan,nan,nan,nan,0
scene_obj_big_box,big_box,55,3,Stage3_close,1,,3.0519999999998855,0.03197210630941583,0.6292300263548622,0.03577249365972489,nan,nan,nan,nan,nan,nan,-0.0007586960890389157,nan,nan,9.244421086418313,2
scene_obj_big_box,big_box,55,4,Stage4_lift,1,,4.131999999999767,0.0299107191408448,0.629951029898037,0.3258053890603428,0.30584900854025693,nan,nan,nan,nan,nan,nan,0.0046572163336149825,0.39048578154457814,nan,0
scene_obj_big_box,big_box,55,5,Stage5_hold,1,,6.291999999999529,0.031285413719819924,0.6312054420786223,0.329823662096768,0.30584900854025693,1.9999999999999978,0.004282969330885819,0.01915673043483388,0.04051813975384489,1.0,-0.0008164405057130577,0.004701049584162779,0.3967718317903957,9.343432772632685,120
scene_obj_big_box,big_box,56,1,Stage1_pregrasp,1,,1.6480000000000012,-2.1063607524851467e-14,0.6000000000000187,0.019956380520093374,nan,nan,nan,nan,nan,nan,nan,nan,nan,nan,0
scene_obj_big_box,big_box,56,2,Stage2_grasp,1,,2.511999999999945,-0.017277751722571767,0.6094218725450413,0.06881758579997432,nan,nan,nan,nan,nan,nan,nan,nan,nan,nan,0
scene_obj_big_box,big_box,56,3,Stage3_close,1,,3.0519999999998855,-0.019388371566215354,0.6114554633759242,0.0486486258408009,nan,nan,nan,nan,nan,nan,-0.0014394710917359395,nan,nan,29.31332230647009,4
scene_obj_big_box,big_box,56,4,Stage4_lift,1,,4.131999999999767,-0.01672961117893469,0.6099580104190333,0.3117431632651097,0.29178678274502384,nan,nan,nan,nan,nan,nan,0.007207686687603801,0.624332575226909,nan,0
scene_obj_big_box,big_box,56,5,Stage5_hold,1,,6.291999999999529,-0.018660149107728237,0.6102008040523147,0.3127271253942953,0.29178678274502384,1.9999999999999978,0.07439325720627127,0.019036114233690612,0.0369314832393459,1.0,-0.0006078966067274488,0.007307528676389181,0.6320186229253542,11.295807059056461,120
scene_obj_big_box,big_box,57,1,Stage1_pregrasp,1,,1.6480000000000012,-2.1069863909150996e-14,0.6000000000000187,0.019956380520093357,nan,nan,nan,nan,nan,nan,nan,nan,nan,nan,0
scene_obj_big_box,big_box,57,2,Stage2_grasp,1,,2.511999999999945,0.02087609797671436,0.6137353379877882,0.030670198053036078,nan,nan,nan,nan,nan,nan,nan,nan,nan,nan,0
scene_obj_big_box,big_box,57,3,Stage3_close,1,,3.0519999999998855,0.013441374482736274,0.5938026865647422,0.03807251769574984,nan,nan,nan,nan,nan,nan,-0.0016474852019549972,nan,nan,18.95069713324729,2
scene_obj_big_box,big_box,57,4,Stage4_lift,1,,4.131999999999767,0.024714893337614525,0.5943955650499188,0.3146378055113645,0.29468142499127864,nan,nan,nan,nan,nan,nan,0.0052544512156942474,0.4446027604675608,nan,0
scene_obj_big_box,big_box,57,5,Stage5_hold,1,,6.291999999999529,0.03278796623275406,0.5909742810052617,0.31691967132856885,0.29468142499127864,1.9999999999999978,0.033013888585194696,0.018644878757708847,0.019159257430049887,1.0,-0.0011480471339304268,0.008310565697828235,0.6779831088576708,9.983040074551463,120
scene_obj_big_box,big_box,58,1,Stage1_pregrasp,1,,1.6480000000000012,-2.106267327217627e-14,0.6000000000000187,0.019956380520093367,nan,nan,nan,nan,nan,nan,nan,nan,nan,nan,0
scene_obj_big_box,big_box,58,2,Stage2_grasp,1,,2.511999999999945,-0.032381470488807636,0.6052502590336868,0.01776821666362148,nan,nan,nan,nan,nan,nan,nan,nan,nan,nan,0
scene_obj_big_box,big_box,58,3,Stage3_close,1,,3.0519999999998855,-0.05203168347170163,0.6093476057177354,0.06859293102496052,nan,nan,nan,nan,nan,nan,-0.0008768258144054228,nan,nan,31.28686661193879,3
scene_obj_big_box,big_box,58,4,Stage4_lift,1,,4.131999999999767,-0.049131402546004725,0.6063626560578543,0.33754906526691814,0.3175926847468323,nan,nan,nan,nan,nan,nan,0.006876555135788826,0.21807593818177604,nan,0
scene_obj_big_box,big_box,58,5,Stage5_hold,1,,6.291999999999529,-0.04693603258690798,0.6065305062466017,0.33625402582329506,0.3175926847468323,1.9999999999999978,0.035855877964270574,0.016507413351097244,0.026032940558999487,1.0,-0.0012140961086847995,0.008765108558703223,0.6585259007613157,13.237049207866693,120
scene_obj_big_box,big_box,59,1,Stage1_pregrasp,1,,1.6480000000000012,-2.1067495803439448e-14,0.6000000000000187,0.019956380520093357,nan,nan,nan,nan,nan,nan,nan,nan,nan,nan,0
scene_obj_big_box,big_box,59,2,Stage2_grasp,1,,2.511999999999945,-0.029841458585939645,0.6016072886411474,0.019956380513445695,nan,nan,nan,nan,nan,nan,nan,nan,nan,nan,0
scene_obj_big_box,big_box,59,3,Stage3_close,0,no_contact,3.0519999999998855,-0.02984145858386705,0.601607288641288,0.019956380520093325,nan,nan,nan,nan,nan,nan,999.0,nan,nan,0.0,0
scene_obj_big_box,big_box,59,4,Stage4_lift,0,skipped_due_to_failure(Stage3_close:no_contact),3.0519999999998855,-0.02984145858386705,0.601607288641288,0.019956380520093325,nan,nan,nan,nan,nan,nan,nan,nan,nan,nan,0
scene_obj_big_box,big_box,59,5,Stage5_hold,0,skipped_due_to_failure(Stage3_close:no_contact),3.0519999999998855,-0.02984145858386705,0.601607288641288,0.019956380520093325,nan,nan,nan,nan,nan,nan,nan,nan,nan,nan,0
scene_obj_big_box,big_box,60,1,Stage1_pregrasp,1,,1.6480000000000012,-2.1067214917014226e-14,0.6000000000000187,0.019956380520093353,nan,nan,nan,nan,nan,nan,nan,nan,nan,nan,0
scene_obj_big_box,big_box,60,2,Stage2_grasp,1,,2.511999999999945,-0.0375877693448313,0.6070866378483009,0.019956380519921685,nan,nan,nan,nan,nan,nan,nan,nan,nan,nan,0
scene_obj_big_box,big_box,60,3,Stage3_close,1,,3.0519999999998855,-0.053123104394548856,0.6116830129375918,0.03866564375092749,nan,nan,nan,nan,nan,nan,-0.0008086242120269342,nan,nan,13.736379114737852,3
scene_obj_big_box,big_box,60,4,Stage4_lift,0,lost_contact,3.1959999999998696,-0.057762228728151094,0.6137574116137284,0.08492652761914174,0.06497014709905591,nan,nan,nan,nan,nan,nan,nan,nan,nan,0
scene_obj_big_box,big_box,60,5,Stage5_hold,0,skipped_due_to_failure(Stage4_lift:lost_contact),3.1959999999998696,-0.057762228728151094,0.6137574116137284,0.08492652761914174,nan,nan,nan,nan,nan,nan,nan,nan,nan,nan,0
scene_obj_big_box,big_box,61,1,Stage1_pregrasp,1,,1.6480000000000012,-2.1069265776496446e-14,0.6000000000000187,0.019956380520093363,nan,nan,nan,nan,nan,nan,nan,nan,nan,nan,0
scene_obj_big_box,big_box,61,2,Stage2_grasp,1,,2.511999999999945,-0.10943402525694797,0.5171730352430528,0.047204503092408534,nan,nan,nan,nan,nan,nan,nan,nan,nan,nan,0
scene_obj_big_box,big_box,61,3,Stage3_close,1,,3.0519999999998855,-0.12037391052970262,0.4971277114451713,0.029057290327427283,nan,nan,nan,nan,nan,nan,-0.0014076760500982746,nan,nan,36.05737630838805,2
scene_obj_big_box,big_box,61,4,Stage4_lift,0,dropped,3.1239999999998775,-0.12463787097140758,0.49222216736021795,0.035563855284977346,0.015607474764891511,nan,nan,nan,nan,nan,nan,nan,nan,nan,0
scene_obj_big_box,big_box,61,5,Stage5_hold,0,skipped_due_to_failure(Stage4_lift:dropped),3.1239999999998775,-0.12463787097140758,0.49222216736021795,0.035563855284977346,nan,nan,nan,nan,nan,nan,nan,nan,nan,nan,0
scene_obj_big_box,big_box,62,1,Stage1_pregrasp,1,,1.6480000000000012,-2.106939178680975e-14,0.6000000000000187,0.01995638052009335,nan,nan,nan,nan,nan,nan,nan,nan,nan,nan,0
scene_obj_big_box,big_box,62,2,Stage2_grasp,1,,2.511999999999945,-0.02707647759662824,0.6113791420946986,0.05308348108472134,nan,nan,nan,nan,nan,nan,nan,nan,nan,nan,0
scene_obj_big_box,big_box,62,3,Stage3_close,1,,3.0519999999998855,-0.05865604953451361,0.5860277443902125,0.07048919942621336,nan,nan,nan,nan,nan,nan,-0.000782109647778452,nan,nan,20.700574080411773,2
scene_obj_big_box,big_box,62,4,Stage4_lift,0,lost_contact,3.699999999999814,-0.05297108793302144,0.5418016086528288,0.1922408355169612,0.17228445499687536,nan,nan,nan,nan,nan,nan,nan,nan,nan,0
scene_obj_big_box,big_box,62,5,Stage5_hold,0,skipped_due_to_failure(Stage4_lift:lost_contact),3.699999999999814,-0.05297108793302144,0.5418016086528288,0.1922408355169612,nan,nan,nan,nan,nan,nan,nan,nan,nan,nan,0
scene_obj_big_box,big_box,63,1,Stage1_pregrasp,1,,1.6480000000000012,-2.106964852588421e-14,0.6000000000000187,0.019956380520093377,nan,nan,nan,nan,nan,nan,nan,nan,nan,nan,0
scene_obj_big_box,big_box,63,2,Stage2_grasp,1,,2.511999999999945,-0.10837949163153249,0.5925211106439457,0.019956380517346117,nan,nan,nan,nan,nan,nan,nan,nan,nan,nan,0
scene_obj_big_box,big_box,63,3,Stage3_close,0,no_contact,3.0519999999998855,-0.10837949163160365,0.5925211106440867,0.01995638052009334,nan,nan,nan,nan,nan,nan,999.0,nan,nan,0.0,0
scene_obj_big_box,big_box,63,4,Stage4_lift,0,skipped_due_to_failure(Stage3_close:no_contact),3.0519999999998855,-0.10837949163160365,0.5925211106440867,0.01995638052009334,nan,nan,nan,nan,nan,nan,nan,nan,nan,nan,0
scene_obj_big_box,big_box,63,5,Stage5_hold,0,skipped_due_to_failure(Stage3_close:no_contact),3.0519999999998855,-0.10837949163160365,0.5925211106440867,0.01995638052009334,nan,nan,nan,nan,nan,nan,nan,nan,nan,nan,0
scene_obj_big_box,big_box,64,1,Stage1_pregrasp,1,,1.6480000000000012,-2.1072515121733787e-14,0.6000000000000187,0.019956380520093357,nan,nan,nan,nan,nan,nan,nan,nan,nan,nan,0
scene_obj_big_box,big_box,64,2,Stage2_grasp,1,,2.511999999999945,-0.11277603395140462,0.5889617044981417,0.019956380519915044,nan,nan,nan,nan,nan,nan,nan,nan,nan,nan,0
scene_obj_big_box,big_box,64,3,Stage3_close,0,no_contact,3.0519999999998855,-0.11277603395141442,0.5889617044981253,0.01995638052009335,nan,nan,nan,nan,nan,nan,999.0,nan,nan,0.0,0
scene_obj_big_box,big_box,64,4,Stage4_lift,0,skipped_due_to_failure(Stage3_close:no_contact),3.0519999999998855,-0.11277603395141442,0.5889617044981253,0.01995638052009335,nan,nan,nan,nan,nan,nan,nan,nan,nan,nan,0
scene_obj_big_box,big_box,64,5,Stage5_hold,0,skipped_due_to_failure(Stage3_close:no_contact),3.0519999999998855,-0.11277603395141442,0.5889617044981253,0.01995638052009335,nan,nan,nan,nan,nan,nan,nan,nan,nan,nan,0
scene_obj_big_box,big_box,65,1,Stage1_pregrasp,1,,1.6480000000000012,-2.106964852588421e-14,0.6000000000000187,0.019956380520093377,nan,nan,nan,nan,nan,nan,nan,nan,nan,nan,0
scene_obj_big_box,big_box,65,2,Stage2_grasp,1,,2.511999999999945,-0.03517868230892915,0.557867753724236,0.01995638052001081,nan,nan,nan,nan,nan,nan,nan,nan,nan,nan,0
scene_obj_big_box,big_box,65,3,Stage3_close,0,no_contact,3.0519999999998855,-0.035178682308941854,0.5578677537242381,0.019956380520093315,nan,nan,nan,nan,nan,nan,999.0,nan,nan,0.0,0
scene_obj_big_box,big_box,65,4,Stage4_lift,0,skipped_due_to_failure(Stage3_close:no_contact),3.0519999999998855,-0.035178682308941854,0.5578677537242381,0.019956380520093315,nan,nan,nan,nan,nan,nan,nan,nan,nan,nan,0
scene_obj_big_box,big_box,65,5,Stage5_hold,0,skipped_due_to_failure(Stage3_close:no_contact),3.0519999999998855,-0.035178682308941854,0.5578677537242381,0.019956380520093315,nan,nan,nan,nan,nan,nan,nan,nan,nan,nan,0
scene_obj_big_box,big_box,66,1,Stage1_pregrasp,1,,1.6480000000000012,-2.1071219491464033e-14,0.6000000000000187,0.019956380520093357,nan,nan,nan,nan,nan,nan,nan,nan,nan,nan,0
scene_obj_big_box,big_box,66,2,Stage2_grasp,1,,2.511999999999945,-0.06573890327417795,0.6954010739169034,0.020506885493245055,nan,nan,nan,nan,nan,nan,nan,nan,nan,nan,0
scene_obj_big_box,big_box,66,3,Stage3_close,0,no_contact,3.0519999999998855,-0.07247794635396947,0.7026499869980066,0.01995638044370742,nan,nan,nan,nan,nan,nan,999.0,nan,nan,0.0,0
scene_obj_big_box,big_box,66,4,Stage4_lift,0,skipped_due_to_failure(Stage3_close:no_contact),3.0519999999998855,-0.07247794635396947,0.7026499869980066,0.01995638044370742,nan,nan,nan,nan,nan,nan,nan,nan,nan,nan,0
scene_obj_big_box,big_box,66,5,Stage5_hold,0,skipped_due_to_failure(Stage3_close:no_contact),3.0519999999998855,-0.07247794635396947,0.7026499869980066,0.01995638044370742,nan,nan,nan,nan,nan,nan,nan,nan,nan,nan,0
scene_obj_big_box,big_box,67,1,Stage1_pregrasp,1,,1.6480000000000012,-2.107094970726905e-14,0.6000000000000187,0.019956380520093357,nan,nan,nan,nan,nan,nan,nan,nan,nan,nan,0
scene_obj_big_box,big_box,67,2,Stage2_grasp,1,,2.511999999999945,-0.049290492059822125,0.6437330319900951,0.053685055741680886,nan,nan,nan,nan,nan,nan,nan,nan,nan,nan,0
scene_obj_big_box,big_box,67,3,Stage3_close,1,,3.0519999999998855,-0.04103145426632999,0.6493754121606862,0.052009951268056624,nan,nan,nan,nan,nan,nan,-0.0026069213785362873,nan,nan,20.099337110924928,4
scene_obj_big_box,big_box,67,4,Stage4_lift,1,,4.131999999999767,-0.05304900682963942,0.6705145015245147,0.34061105176972767,0.3206546712496418,nan,nan,nan,nan,nan,nan,0.03919562398137617,3.085787607923632,nan,0
scene_obj_big_box,big_box,67,5,Stage5_hold,1,,6.291999999999529,-0.052592420385213466,0.6689577799821909,0.3506692191658064,0.3206546712496418,1.9999999999999978,0.038970091562472484,0.02830007665274387,0.08643693195560623,1.0,-0.0009878324236532914,0.05236585111273371,4.152857618367393,5.550520736922112,120
scene_obj_big_box,big_box,68,1,Stage1_pregrasp,1,,1.6480000000000012,-2.1067495803439448e-14,0.6000000000000187,0.019956380520093357,nan,nan,nan,nan,nan,nan,nan,nan,nan,nan,0
scene_obj_big_box,big_box,68,2,Stage2_grasp,1,,2.511999999999945,-0.09023577254614053,0.593925350814564,0.03154014283125104,nan,nan,nan,nan,nan,nan,nan,nan,nan,nan,0
scene_obj_big_box,big_box,68,3,Stage3_close,1,,3.0519999999998855,-0.05705341567027571,0.6008612296064638,0.030518212037454306,nan,nan,nan,nan,nan,nan,-0.0006575069831509511,nan,nan,21.31883349038436,1
scene_obj_big_box,big_box,68,4,Stage4_lift,1,,4.131999999999767,-0.03437364170464126,0.6150423470515505,0.304153608299834,0.28419722777974815,nan,nan,nan,nan,nan,nan,0.028384206176401902,2.8896461695678157,nan,0
scene_obj_big_box,big_box,68,5,Stage5_hold,1,,6.291999999999529,-0.03140183466289552,0.6155504170596366,0.3059043485539701,0.28419722777974815,1.9999999999999978,0.03506754696508713,0.01839606749938121,0.02767898293741573,1.0,-0.0053489426046055746,0.02865533643756123,3.193758760542841,85.84158827357307,120
scene_obj_big_box,big_box,69,1,Stage1_pregrasp,1,,1.6480000000000012,-2.107965108022456e-14,0.6000000000000187,0.01995638052009338,nan,nan,nan,nan,nan,nan,nan,nan,nan,nan,0
scene_obj_big_box,big_box,69,2,Stage2_grasp,1,,2.511999999999945,-0.09027449136244577,0.6204021780389203,0.01992476080876864,nan,nan,nan,nan,nan,nan,nan,nan,nan,nan,0
scene_obj_big_box,big_box,69,3,Stage3_close,0,no_contact,3.0519999999998855,-0.09027535999903716,0.6204001681684431,0.019956380519622213,nan,nan,nan,nan,nan,nan,999.0,nan,nan,0.0,0
scene_obj_big_box,big_box,69,4,Stage4_lift,0,skipped_due_to_failure(Stage3_close:no_contact),3.0519999999998855,-0.09027535999903716,0.6204001681684431,0.019956380519622213,nan,nan,nan,nan,nan,nan,nan,nan,nan,nan,0
scene_obj_big_box,big_box,69,5,Stage5_hold,0,skipped_due_to_failure(Stage3_close:no_contact),3.0519999999998855,-0.09027535999903716,0.6204001681684431,0.019956380519622213,nan,nan,nan,nan,nan,nan,nan,nan,nan,nan,0
scene_obj_big_box,big_box,70,1,Stage1_pregrasp,1,,1.6480000000000012,-2.1067214917014226e-14,0.6000000000000187,0.019956380520093353,nan,nan,nan,nan,nan,nan,nan,nan,nan,nan,0
scene_obj_big_box,big_box,70,2,Stage2_grasp,1,,2.511999999999945,-0.07881111921610388,0.6261009176658306,0.05988081437304133,nan,nan,nan,nan,nan,nan,nan,nan,nan,nan,0
scene_obj_big_box,big_box,70,3,Stage3_close,1,,3.0519999999998855,-0.11006138879338516,0.6066715617927799,0.06094017558850589,nan,nan,nan,nan,nan,nan,-0.0003914152912885549,nan,nan,15.254178588336892,2
scene_obj_big_box,big_box,70,4,Stage4_lift,0,lost_contact,3.8619999999997963,-0.12572955661279223,0.5764340510660068,0.25110386703312265,0.23114748651303682,nan,nan,nan,nan,nan,nan,nan,nan,nan,0
scene_obj_big_box,big_box,70,5,Stage5_hold,0,skipped_due_to_failure(Stage4_lift:lost_contact),3.8619999999997963,-0.12572955661279223,0.5764340510660068,0.25110386703312265,nan,nan,nan,nan,nan,nan,nan,nan,nan,nan,0
scene_obj_big_box,big_box,71,1,Stage1_pregrasp,1,,1.6480000000000012,-2.1068745081897934e-14,0.6000000000000187,0.019956380520093377,nan,nan,nan,nan,nan,nan,nan,nan,nan,nan,0
scene_obj_big_box,big_box,71,2,Stage2_grasp,1,,2.511999999999945,-0.1497029436353221,0.630174787673256,0.019935704620708844,nan,nan,nan,nan,nan,nan,nan,nan,nan,nan,0
scene_obj_big_box,big_box,71,3,Stage3_close,0,no_contact,3.0519999999998855,-0.14970271140413813,0.6301765122634976,0.01995638051978428,nan,nan,nan,nan,nan,nan,999.0,nan,nan,0.0,0
scene_obj_big_box,big_box,71,4,Stage4_lift,0,skipped_due_to_failure(Stage3_close:no_contact),3.0519999999998855,-0.14970271140413813,0.6301765122634976,0.01995638051978428,nan,nan,nan,nan,nan,nan,nan,nan,nan,nan,0
scene_obj_big_box,big_box,71,5,Stage5_hold,0,skipped_due_to_failure(Stage3_close:no_contact),3.0519999999998855,-0.14970271140413813,0.6301765122634976,0.01995638051978428,nan,nan,nan,nan,nan,nan,nan,nan,nan,nan,0
scene_obj_big_box,big_box,72,1,Stage1_pregrasp,1,,1.6480000000000012,-2.1068745081897934e-14,0.6000000000000187,0.019956380520093377,nan,nan,nan,nan,nan,nan,nan,nan,nan,nan,0
scene_obj_big_box,big_box,72,2,Stage2_grasp,1,,2.511999999999945,-0.04956517643618161,0.5996825594381815,0.019956380515922544,nan,nan,nan,nan,nan,nan,nan,nan,nan,nan,0
scene_obj_big_box,big_box,72,3,Stage3_close,0,no_contact,3.0519999999998855,-0.06230333313125079,0.597965705616857,0.02186737943813076,nan,nan,nan,nan,nan,nan,999.0,nan,nan,0.0,0
scene_obj_big_box,big_box,72,4,Stage4_lift,0,skipped_due_to_failure(Stage3_close:no_contact),3.0519999999998855,-0.06230333313125079,0.597965705616857,0.02186737943813076,nan,nan,nan,nan,nan,nan,nan,nan,nan,nan,0
scene_obj_big_box,big_box,72,5,Stage5_hold,0,skipped_due_to_failure(Stage3_close:no_contact),3.0519999999998855,-0.06230333313125079,0.597965705616857,0.02186737943813076,nan,nan,nan,nan,nan,nan,nan,nan,nan,nan,0
scene_obj_big_box,big_box,73,1,Stage1_pregrasp,1,,1.6480000000000012,-2.1074761935579848e-14,0.6000000000000187,0.019956380520093363,nan,nan,nan,nan,nan,nan,nan,nan,nan,nan,0
scene_obj_big_box,big_box,73,2,Stage2_grasp,1,,2.511999999999945,-0.022549523503362333,0.6206165838028985,0.0271461149572932,nan,nan,nan,nan,nan,nan,nan,nan,nan,nan,0
scene_obj_big_box,big_box,73,3,Stage3_close,1,,3.0519999999998855,-0.004667918410139985,0.594053069033426,0.03290996899270899,nan,nan,nan,nan,nan,nan,-0.0003610857993345146,nan,nan,17.07531549383733,5
scene_obj_big_box,big_box,73,4,Stage4_lift,0,lost_contact,3.753999999999808,-0.01156577374805396,0.5784102695973948,0.18175870486826237,0.16180232434817654,nan,nan,nan,nan,nan,nan,nan,nan,nan,0
scene_obj_big_box,big_box,73,5,Stage5_hold,0,skipped_due_to_failure(Stage4_lift:lost_contact),3.753999999999808,-0.01156577374805396,0.5784102695973948,0.18175870486826237,nan,nan,nan,nan,nan,nan,nan,nan,nan,nan,0
scene_obj_big_box,big_box,74,1,Stage1_pregrasp,1,,1.6480000000000012,-2.107311630750162e-14,0.6000000000000187,0.019956380520093384,nan,nan,nan,nan,nan,nan,nan,nan,nan,nan,0
scene_obj_big_box,big_box,74,2,Stage2_grasp,1,,2.511999999999945,-0.07056242964781242,0.641753601784988,0.04490513273374451,nan,nan,nan,nan,nan,nan,nan,nan,nan,nan,0
scene_obj_big_box,big_box,74,3,Stage3_close,1,,3.0519999999998855,-0.10195313554013842,0.6454775177512921,0.04608910994036974,nan,nan,nan,nan,nan,nan,-0.001145555309550806,nan,nan,36.813624952100376,2
scene_obj_big_box,big_box,74,4,Stage4_lift,1,,4.131999999999767,-0.10302031783567452,0.6458965773227908,0.3329344650216927,0.31297808450160686,nan,nan,nan,nan,nan,nan,0.009113107017275841,0.6950396174641965,nan,0
scene_obj_big_box,big_box,74,5,Stage5_hold,1,,6.291999999999529,-0.1022288687611501,0.6462627217156368,0.3392607391133998,0.31297808450160686,1.9999999999999978,0.010553718215593493,0.019852706208911153,0.02909256545214493,1.0,-0.0005172199628429106,0.009142559781755053,0.6972368359235561,6.799298811431533,120
scene_obj_big_box,big_box,75,1,Stage1_pregrasp,1,,1.6480000000000012,-2.1068899402898333e-14,0.6000000000000187,0.019956380520093363,nan,nan,nan,nan,nan,nan,nan,nan,nan,nan,0
scene_obj_big_box,big_box,75,2,Stage2_grasp,1,,2.511999999999945,-2.1068817801505923e-14,0.6000000000000187,0.019956380520093377,nan,nan,nan,nan,nan,nan,nan,nan,nan,nan,0
scene_obj_big_box,big_box,75,3,Stage3_close,0,no_contact,3.0519999999998855,-2.1067039779331925e-14,0.6000000000000187,0.01995638052009338,nan,nan,nan,nan,nan,nan,999.0,nan,nan,0.0,0
scene_obj_big_box,big_box,75,4,Stage4_lift,0,skipped_due_to_failure(Stage3_close:no_contact),3.0519999999998855,-2.1067039779331925e-14,0.6000000000000187,0.01995638052009338,nan,nan,nan,nan,nan,nan,nan,nan,nan,nan,0
scene_obj_big_box,big_box,75,5,Stage5_hold,0,skipped_due_to_failure(Stage3_close:no_contact),3.0519999999998855,-2.1067039779331925e-14,0.6000000000000187,0.01995638052009338,nan,nan,nan,nan,nan,nan,nan,nan,nan,nan,0
scene_obj_big_box,big_box,76,1,Stage1_pregrasp,1,,1.6480000000000012,-2.1068078948083146e-14,0.6000000000000187,0.019956380520093353,nan,nan,nan,nan,nan,nan,nan,nan,nan,nan,0
scene_obj_big_box,big_box,76,2,Stage2_grasp,1,,2.511999999999945,-0.14858967609006882,0.6176394263041618,0.07205286931425849,nan,nan,nan,nan,nan,nan,nan,nan,nan,nan,0
scene_obj_big_box,big_box,76,3,Stage3_close,0,no_contact,3.0519999999998855,-0.16584042106646063,0.601182834048948,0.01995637787089152,nan,nan,nan,nan,nan,nan,999.0,nan,nan,0.0,0
scene_obj_big_box,big_box,76,4,Stage4_lift,0,skipped_due_to_failure(Stage3_close:no_contact),3.0519999999998855,-0.16584042106646063,0.601182834048948,0.01995637787089152,nan,nan,nan,nan,nan,nan,nan,nan,nan,nan,0
scene_obj_big_box,big_box,76,5,Stage5_hold,0,skipped_due_to_failure(Stage3_close:no_contact),3.0519999999998855,-0.16584042106646063,0.601182834048948,0.01995637787089152,nan,nan,nan,nan,nan,nan,nan,nan,nan,nan,0
scene_obj_big_box,big_box,77,1,Stage1_pregrasp,1,,1.6480000000000012,-2.1068745081897934e-14,0.6000000000000187,0.019956380520093377,nan,nan,nan,nan,nan,nan,nan,nan,nan,nan,0
scene_obj_big_box,big_box,77,2,Stage2_grasp,1,,2.511999999999945,-0.10041067794431104,0.6010435999918243,0.019945778517469617,nan,nan,nan,nan,nan,nan,nan,nan,nan,nan,0
scene_obj_big_box,big_box,77,3,Stage3_close,1,,3.0519999999998855,-0.10216289073917093,0.5988882913629445,0.05414174758853101,nan,nan,nan,nan,nan,nan,-0.0015170286227989128,nan,nan,21.863084361418736,1
scene_obj_big_box,big_box,77,4,Stage4_lift,0,lost_contact,3.393999999999848,-0.1294444789001544,0.5903784345320751,0.1020297586928983,0.08207337817281248,nan,nan,nan,nan,nan,nan,nan,nan,nan,0
scene_obj_big_box,big_box,77,5,Stage5_hold,0,skipped_due_to_failure(Stage4_lift:lost_contact),3.393999999999848,-0.1294444789001544,0.5903784345320751,0.1020297586928983,nan,nan,nan,nan,nan,nan,nan,nan,nan,nan,0
scene_obj_big_box,big_box,78,1,Stage1_pregrasp,1,,1.6480000000000012,-2.1068745081897934e-14,0.6000000000000187,0.019956380520093377,nan,nan,nan,nan,nan,nan,nan,nan,nan,nan,0
scene_obj_big_box,big_box,78,2,Stage2_grasp,1,,2.511999999999945,-0.010537197623852477,0.6257424247537945,0.035014182804763504,nan,nan,nan,nan,nan,nan,nan,nan,nan,nan,0
scene_obj_big_box,big_box,78,3,Stage3_close,1,,3.0519999999998855,0.0007816728675990243,0.6411333855688949,0.03530130858351871,nan,nan,nan,nan,nan,nan,-0.00034424911537235954,nan,nan,12.079701721654455,2
scene_obj_big_box,big_box,78,4,Stage4_lift,1,,4.131999999999767,0.023729740479689614,0.653828211888895,0.3147345212451662,0.29477814072508035,nan,nan,nan,nan,nan,nan,0.007956762323876578,4.141788099548839,nan,0
scene_obj_big_box,big_box,78,5,Stage5_hold,1,,4.563999999999719,0.10586492921285871,0.6879899419277643,0.03059397553407181,0.29477814072508035,0.3833333333333333,0.3524983219735802,1.0128681796082704,4.912723602821488,0.375,-0.0005928992566289239,0.03918294385436785,4.920400116316679,9.16861096889212,9
scene_obj_big_box,big_box,79,1,Stage1_pregrasp,1,,1.6480000000000012,-2.1069863909150996e-14,0.6000000000000187,0.019956380520093357,nan,nan,nan,nan,nan,nan,nan,nan,nan,nan,0
scene_obj_big_box,big_box,79,2,Stage2_grasp,1,,2.511999999999945,0.010114605007077985,0.6180165002783877,0.040423207952799294,nan,nan,nan,nan,nan,nan,nan,nan,nan,nan,0
scene_obj_big_box,big_box,79,3,Stage3_close,1,,3.0519999999998855,0.000703368857745848,0.6054754867767309,0.04066420204975496,nan,nan,nan,nan,nan,nan,-0.0025450626747911447,nan,nan,25.591988388801166,3
scene_obj_big_box,big_box,79,4,Stage4_lift,1,,4.131999999999767,0.017570163899526394,0.6114458083725829,0.3081766728401355,0.28822029232004964,nan,nan,nan,nan,nan,nan,0.006340782841851026,0.5182973039680775,nan,0
scene_obj_big_box,big_box,79,5,Stage5_hold,1,,6.057999999999555,0.06129761320949965,0.6235115304531434,0.031442643760129674,0.28822029232004964,1.7666666666666653,0.34949835537958274,0.4250236344342966,1.7986243606650827,0.8785046728971962,-0.0010078235952186848,0.005084119752140761,0.395522466072818,8.635833049165228,94
scene_obj_big_box,big_box,80,1,Stage1_pregrasp,1,,1.6480000000000012,-2.1068899402898333e-14,0.6000000000000187,0.019956380520093363,nan,nan,nan,nan,nan,nan,nan,nan,nan,nan,0
scene_obj_big_box,big_box,80,2,Stage2_grasp,1,,2.511999999999945,-0.056305518685853,0.6170689978657292,0.019956380519333336,nan,nan,nan,nan,nan,nan,nan,nan,nan,nan,0
scene_obj_big_box,big_box,80,3,Stage3_close,0,no_contact,3.0519999999998855,-0.11406277630076823,0.6268295891210461,0.019942545418674868,nan,nan,nan,nan,nan,nan,999.0,nan,nan,0.0,0
scene_obj_big_box,big_box,80,4,Stage4_lift,0,skipped_due_to_failure(Stage3_close:no_contact),3.0519999999998855,-0.11406277630076823,0.6268295891210461,0.019942545418674868,nan,nan,nan,nan,nan,nan,nan,nan,nan,nan,0
scene_obj_big_box,big_box,80,5,Stage5_hold,0,skipped_due_to_failure(Stage3_close:no_contact),3.0519999999998855,-0.11406277630076823,0.6268295891210461,0.019942545418674868,nan,nan,nan,nan,nan,nan,nan,nan,nan,nan,0
scene_obj_big_box,big_box,81,1,Stage1_pregrasp,1,,1.6480000000000012,-2.107262891959379e-14,0.6000000000000187,0.019956380520093388,nan,nan,nan,nan,nan,nan,nan,nan,nan,nan,0
scene_obj_big_box,big_box,81,2,Stage2_grasp,1,,2.511999999999945,-2.107138047380244e-14,0.6000000000000187,0.019956380520093388,nan,nan,nan,nan,nan,nan,nan,nan,nan,nan,0
scene_obj_big_box,big_box,81,3,Stage3_close,1,,3.0519999999998855,-0.021292032592951853,0.6078227754730355,0.021202345503678496,nan,nan,nan,nan,nan,nan,-0.00093053410328095,nan,nan,25.145973842746454,2
scene_obj_big_box,big_box,81,4,Stage4_lift,0,lost_contact,3.2139999999998676,-0.03826831304402869,0.6167418236539208,0.057717480087306594,0.03776109956722076,nan,nan,nan,nan,nan,nan,nan,nan,nan,0
scene_obj_big_box,big_box,81,5,Stage5_hold,0,skipped_due_to_failure(Stage4_lift:lost_contact),3.2139999999998676,-0.03826831304402869,0.6167418236539208,0.057717480087306594,nan,nan,nan,nan,nan,nan,nan,nan,nan,nan,0
scene_obj_big_box,big_box,82,1,Stage1_pregrasp,1,,1.6480000000000012,-2.1075639289325052e-14,0.6000000000000187,0.01995638052009337,nan,nan,nan,nan,nan,nan,nan,nan,nan,nan,0
scene_obj_big_box,big_box,82,2,Stage2_grasp,1,,2.511999999999945,-2.1077287137849218e-14,0.6000000000000187,0.01995638052009339,nan,nan,nan,nan,nan,nan,nan,nan,nan,nan,0
scene_obj_big_box,big_box,82,3,Stage3_close,0,no_contact,3.0519999999998855,-2.1074574863000024e-14,0.6000000000000187,0.019956380520093395,nan,nan,nan,nan,nan,nan,999.0,nan,nan,0.0,0
scene_obj_big_box,big_box,82,4,Stage4_lift,0,skipped_due_to_failure(Stage3_close:no_contact),3.0519999999998855,-2.1074574863000024e-14,0.6000000000000187,0.019956380520093395,nan,nan,nan,nan,nan,nan,nan,nan,nan,nan,0
scene_obj_big_box,big_box,82,5,Stage5_hold,0,skipped_due_to_failure(Stage3_close:no_contact),3.0519999999998855,-2.1074574863000024e-14,0.6000000000000187,0.019956380520093395,nan,nan,nan,nan,nan,nan,nan,nan,nan,nan,0
scene_obj_big_box,big_box,83,1,Stage1_pregrasp,1,,1.6480000000000012,-2.1073910949631454e-14,0.6000000000000187,0.01995638052009338,nan,nan,nan,nan,nan,nan,nan,nan,nan,nan,0
scene_obj_big_box,big_box,83,2,Stage2_grasp,1,,2.511999999999945,-0.0011978137182349785,0.6283352949034015,0.029208384480006507,nan,nan,nan,nan,nan,nan,nan,nan,nan,nan,0
scene_obj_big_box,big_box,83,3,Stage3_close,1,,3.0519999999998855,0.008484736269256467,0.6303316129039204,0.03344067914564245,nan,nan,nan,nan,nan,nan,-0.0013739890576001286,nan,nan,11.99282834545217,3
scene_obj_big_box,big_box,83,4,Stage4_lift,1,,4.131999999999767,0.0038035195551266955,0.6590940080538347,0.3328009131870543,0.31284453266696843,nan,nan,nan,nan,nan,nan,0.025509934728229745,1.9882033780091055,nan,0
scene_obj_big_box,big_box,83,5,Stage5_hold,1,,6.291999999999529,-0.010250038715552233,0.6490724157303732,0.33725845799323956,0.31284453266696843,1.9999999999999978,0.03881979147260892,0.027649944656547902,0.1189805532475183,1.0,-0.001769604235874596,0.013164708588022541,1.1783367929779236,14.981474661710733,120
scene_obj_big_box,big_box,84,1,Stage1_pregrasp,1,,1.6480000000000012,-2.107311630750162e-14,0.6000000000000187,0.019956380520093384,nan,nan,nan,nan,nan,nan,nan,nan,nan,nan,0
scene_obj_big_box,big_box,84,2,Stage2_grasp,1,,2.511999999999945,-0.02618126651535113,0.5712055933897945,0.05587164265871805,nan,nan,nan,nan,nan,nan,nan,nan,nan,nan,0
scene_obj_big_box,big_box,84,3,Stage3_close,1,,3.0519999999998855,-0.06828534639078236,0.5867233203222142,0.05110328713995554,nan,nan,nan,nan,nan,nan,-0.00044322499801502163,nan,nan,5.721109212503809,4
scene_obj_big_box,big_box,84,4,Stage4_lift,1,,4.131999999999767,-0.06647809556373045,0.585637921799862,0.33169995447310235,0.3117435739530165,nan,nan,nan,nan,nan,nan,0.008078901164035724,0.6379169965167838,nan,0
scene_obj_big_box,big_box,84,5,Stage5_hold,1,,6.291999999999529,-0.06692381078573591,0.5857555088936978,0.33211503913678586,0.3117435739530165,1.9999999999999978,0.058031376595490465,0.018399299502146953,0.04131187163417988,1.0,-0.0005636737897658272,0.008173424448914612,0.6477342892649957,5.4950909337467,120
scene_obj_big_box,big_box,85,1,Stage1_pregrasp,1,,1.6480000000000012,-2.1068745081897934e-14,0.6000000000000187,0.019956380520093377,nan,nan,nan,nan,nan,nan,nan,nan,nan,nan,0
scene_obj_big_box,big_box,85,2,Stage2_grasp,1,,2.511999999999945,-0.05193255630535207,0.6085349295838461,0.019956380519736663,nan,nan,nan,nan,nan,nan,nan,nan,nan,nan,0
scene_obj_big_box,big_box,85,3,Stage3_close,1,,3.0519999999998855,-0.0536022708343397,0.6082519649567582,0.019992350775379666,nan,nan,nan,nan,nan,nan,-0.0006494665578644287,nan,nan,23.84637467101397,1
scene_obj_big_box,big_box,85,4,Stage4_lift,0,dropped,3.0699999999998835,-0.05710698840069653,0.6088568218573559,0.02304939487261058,0.0030930143525247436,nan,nan,nan,nan,nan,nan,nan,nan,nan,0
scene_obj_big_box,big_box,85,5,Stage5_hold,0,skipped_due_to_failure(Stage4_lift:dropped),3.0699999999998835,-0.05710698840069653,0.6088568218573559,0.02304939487261058,nan,nan,nan,nan,nan,nan,nan,nan,nan,nan,0
scene_obj_big_box,big_box,86,1,Stage1_pregrasp,1,,1.6480000000000012,-2.1067214917014226e-14,0.6000000000000187,0.019956380520093353,nan,nan,nan,nan,nan,nan,nan,nan,nan,nan,0
scene_obj_big_box,big_box,86,2,Stage2_grasp,1,,2.511999999999945,-0.028522048478450024,0.6093326872515566,0.019956380519238003,nan,nan,nan,nan,nan,nan,nan,nan,nan,nan,0
scene_obj_big_box,big_box,86,3,Stage3_close,0,no_contact,3.0519999999998855,-0.028522048478517283,0.6093326872515105,0.019956380520093363,nan,nan,nan,nan,nan,nan,999.0,nan,nan,0.0,0
scene_obj_big_box,big_box,86,4,Stage4_lift,0,skipped_due_to_failure(Stage3_close:no_contact),3.0519999999998855,-0.028522048478517283,0.6093326872515105,0.019956380520093363,nan,nan,nan,nan,nan,nan,nan,nan,nan,nan,0
scene_obj_big_box,big_box,86,5,Stage5_hold,0,skipped_due_to_failure(Stage3_close:no_contact),3.0519999999998855,-0.028522048478517283,0.6093326872515105,0.019956380520093363,nan,nan,nan,nan,nan,nan,nan,nan,nan,nan,0
scene_obj_big_box,big_box,87,1,Stage1_pregrasp,1,,1.6480000000000012,-2.107717361754511e-14,0.6000000000000187,0.019956380520093384,nan,nan,nan,nan,nan,nan,nan,nan,nan,nan,0
scene_obj_big_box,big_box,87,2,Stage2_grasp,1,,2.511999999999945,-0.12729239186312058,0.6179824788975268,0.019952919159042,nan,nan,nan,nan,nan,nan,nan,nan,nan,nan,0
scene_obj_big_box,big_box,87,3,Stage3_close,0,no_contact,3.0519999999998855,-0.12729223088330627,0.6179826509269675,0.019956380520041166,nan,nan,nan,nan,nan,nan,999.0,nan,nan,0.0,0
scene_obj_big_box,big_box,87,4,Stage4_lift,0,skipped_due_to_failure(Stage3_close:no_contact),3.0519999999998855,-0.12729223088330627,0.6179826509269675,0.019956380520041166,nan,nan,nan,nan,nan,nan,nan,nan,nan,nan,0
scene_obj_big_box,big_box,87,5,Stage5_hold,0,skipped_due_to_failure(Stage3_close:no_contact),3.0519999999998855,-0.12729223088330627,0.6179826509269675,0.019956380520041166,nan,nan,nan,nan,nan,nan,nan,nan,nan,nan,0
scene_obj_big_box,big_box,88,1,Stage1_pregrasp,1,,1.6480000000000012,-2.106819468883345e-14,0.6000000000000187,0.019956380520093377,nan,nan,nan,nan,nan,nan,nan,nan,nan,nan,0
scene_obj_big_box,big_box,88,2,Stage2_grasp,1,,2.511999999999945,0.009281865200241974,0.6037676771149681,0.04060788940154351,nan,nan,nan,nan,nan,nan,nan,nan,nan,nan,0
scene_obj_big_box,big_box,88,3,Stage3_close,1,,3.0519999999998855,-0.02130951730541925,0.5895780588814172,0.04949224956892594,nan,nan,nan,nan,nan,nan,-0.0004585230784352806,nan,nan,40.357562817214,2
scene_obj_big_box,big_box,88,4,Stage4_lift,1,,4.131999999999767,-0.017028493218481315,0.5928411942274486,0.3362832154804466,0.31632683496036074,nan,nan,nan,nan,nan,nan,0.009146699645639468,0.7931913797002795,nan,0
scene_obj_big_box,big_box,88,5,Stage5_hold,1,,6.291999999999529,-0.014605201682875863,0.5924989098831073,0.34121287070150413,0.31632683496036074,1.9999999999999978,0.01148607254636587,0.018217930574104292,0.018253916258917514,1.0,-0.0013192872042099187,0.009090107038875061,0.671884743866763,9.510844642908815,120
scene_obj_big_box,big_box,89,1,Stage1_pregrasp,1,,1.6480000000000012,-2.1068745081897934e-14,0.6000000000000187,0.019956380520093377,nan,nan,nan,nan,nan,nan,nan,nan,nan,nan,0
scene_obj_big_box,big_box,89,2,Stage2_grasp,1,,2.511999999999945,-0.07037407083017343,0.6545407382082581,0.04267610340941123,nan,nan,nan,nan,nan,nan,nan,nan,nan,nan,0
scene_obj_big_box,big_box,89,3,Stage3_close,1,,3.0519999999998855,-0.09291949452204881,0.6830059568263406,0.039351796994661445,nan,nan,nan,nan,nan,nan,-0.0014263270065033038,nan,nan,18.013570499262766,3
scene_obj_big_box,big_box,89,4,Stage4_lift,1,,4.131999999999767,-0.09767379695112026,0.6855140344892052,0.3204275915116408,0.30047121099155494,nan,nan,nan,nan,nan,nan,0.005399852059903422,0.4017649052147152,nan,0
scene_obj_big_box,big_box,89,5,Stage5_hold,1,,6.291999999999529,-0.09792536536175662,0.6836118096616327,0.32008573567484155,0.30047121099155494,1.9999999999999978,0.05814957306570154,0.021201550936876274,0.03368401919309788,1.0,-0.001996215460502226,0.005421821924014559,0.4158626907731863,11.244985310269419,120
scene_obj_big_box,big_box,90,1,Stage1_pregrasp,1,,1.6480000000000012,-2.1071187294996334e-14,0.6000000000000187,0.019956380520093374,nan,nan,nan,nan,nan,nan,nan,nan,nan,nan,0
scene_obj_big_box,big_box,90,2,Stage2_grasp,1,,2.511999999999945,0.006764625668331749,0.6637939360266912,0.018640321648483532,nan,nan,nan,nan,nan,nan,nan,nan,nan,nan,0
scene_obj_big_box,big_box,90,3,Stage3_close,1,,3.0519999999998855,0.05552452770665691,0.6777348368101144,0.025085801241514237,nan,nan,nan,nan,nan,nan,-0.004242479784656606,nan,nan,104.19840722216335,5
scene_obj_big_box,big_box,90,4,Stage4_lift,0,lost_contact,3.1599999999998736,0.051762659635322984,0.6784738593721982,0.040443230030081115,0.02048684950999528,nan,nan,nan,nan,nan,nan,nan,nan,nan,0
scene_obj_big_box,big_box,90,5,Stage5_hold,0,skipped_due_to_failure(Stage4_lift:lost_contact),3.1599999999998736,0.051762659635322984,0.6784738593721982,0.040443230030081115,nan,nan,nan,nan,nan,nan,nan,nan,nan,nan,0
scene_obj_big_box,big_box,91,1,Stage1_pregrasp,1,,1.6480000000000012,-2.1068211342178827e-14,0.6000000000000187,0.019956380520093374,nan,nan,nan,nan,nan,nan,nan,nan,nan,nan,0
scene_obj_big_box,big_box,91,2,Stage2_grasp,1,,2.511999999999945,-0.048618646393361956,0.6291151561601371,0.019956380519559093,nan,nan,nan,nan,nan,nan,nan,nan,nan,nan,0
scene_obj_big_box,big_box,91,3,Stage3_close,0,no_contact,3.0519999999998855,-0.04861864639322481,0.6291151561601062,0.01995638052009334,nan,nan,nan,nan,nan,nan,999.0,nan,nan,0.0,0
scene_obj_big_box,big_box,91,4,Stage4_lift,0,skipped_due_to_failure(Stage3_close:no_contact),3.0519999999998855,-0.04861864639322481,0.6291151561601062,0.01995638052009334,nan,nan,nan,nan,nan,nan,nan,nan,nan,nan,0
scene_obj_big_box,big_box,91,5,Stage5_hold,0,skipped_due_to_failure(Stage3_close:no_contact),3.0519999999998855,-0.04861864639322481,0.6291151561601062,0.01995638052009334,nan,nan,nan,nan,nan,nan,nan,nan,nan,nan,0
scene_obj_big_box,big_box,92,1,Stage1_pregrasp,1,,1.6480000000000012,-2.1078433443122307e-14,0.6000000000000187,0.019956380520093374,nan,nan,nan,nan,nan,nan,nan,nan,nan,nan,0
scene_obj_big_box,big_box,92,2,Stage2_grasp,1,,2.511999999999945,-0.12514357853208266,0.6523704461886595,0.07439694931641835,nan,nan,nan,nan,nan,nan,nan,nan,nan,nan,0
scene_obj_big_box,big_box,92,3,Stage3_close,1,,3.0519999999998855,-0.11198413113700427,0.6671922844900582,0.07378852842029417,nan,nan,nan,nan,nan,nan,-0.0004842109605446149,nan,nan,7.2411492728274425,3
scene_obj_big_box,big_box,92,4,Stage4_lift,0,lost_contact,3.609999999999824,-0.141449177575257,0.6455351143873285,0.201859771274772,0.18190339075468617,nan,nan,nan,nan,nan,nan,nan,nan,nan,0
scene_obj_big_box,big_box,92,5,Stage5_hold,0,skipped_due_to_failure(Stage4_lift:lost_contact),3.609999999999824,-0.141449177575257,0.6455351143873285,0.201859771274772,nan,nan,nan,nan,nan,nan,nan,nan,nan,nan,0
scene_obj_big_box,big_box,93,1,Stage1_pregrasp,1,,1.6480000000000012,-2.1068745081897934e-14,0.6000000000000187,0.019956380520093377,nan,nan,nan,nan,nan,nan,nan,nan,nan,nan,0
scene_obj_big_box,big_box,93,2,Stage2_grasp,1,,2.511999999999945,-0.041511979136362606,0.6053340555014551,0.019956380519931812,nan,nan,nan,nan,nan,nan,nan,nan,nan,nan,0
scene_obj_big_box,big_box,93,3,Stage3_close,0,no_contact,3.0519999999998855,-0.10142041697295381,0.5931108957713217,0.019503981962395774,nan,nan,nan,nan,nan,nan,999.0,nan,nan,0.0,0
scene_obj_big_box,big_box,93,4,Stage4_lift,0,skipped_due_to_failure(Stage3_close:no_contact),3.0519999999998855,-0.10142041697295381,0.5931108957713217,0.019503981962395774,nan,nan,nan,nan,nan,nan,nan,nan,nan,nan,0
scene_obj_big_box,big_box,93,5,Stage5_hold,0,skipped_due_to_failure(Stage3_close:no_contact),3.0519999999998855,-0.10142041697295381,0.5931108957713217,0.019503981962395774,nan,nan,nan,nan,nan,nan,nan,nan,nan,nan,0
scene_obj_big_box,big_box,94,1,Stage1_pregrasp,1,,1.6480000000000012,-2.1072116829223674e-14,0.6000000000000187,0.019956380520093388,nan,nan,nan,nan,nan,nan,nan,nan,nan,nan,0
scene_obj_big_box,big_box,94,2,Stage2_grasp,1,,2.511999999999945,-2.1070548084089737e-14,0.6000000000000187,0.019956380520093388,nan,nan,nan,nan,nan,nan,nan,nan,nan,nan,0
scene_obj_big_box,big_box,94,3,Stage3_close,1,,3.0519999999998855,0.003271189404350997,0.6002778336082397,0.02002508944415199,nan,nan,nan,nan,nan,nan,-3.650285639334377e-06,nan,nan,2.454542669833127,1
scene_obj_big_box,big_box,94,4,Stage4_lift,0,dropped,3.0699999999998835,0.006255604675177276,0.6000777162047145,0.02358252004122691,0.003626139521141075,nan,nan,nan,nan,nan,nan,nan,nan,nan,0
scene_obj_big_box,big_box,94,5,Stage5_hold,0,skipped_due_to_failure(Stage4_lift:dropped),3.0699999999998835,0.006255604675177276,0.6000777162047145,0.02358252004122691,nan,nan,nan,nan,nan,nan,nan,nan,nan,nan,0
scene_obj_big_box,big_box,95,1,Stage1_pregrasp,1,,1.6480000000000012,-2.107311630750162e-14,0.6000000000000187,0.019956380520093384,nan,nan,nan,nan,nan,nan,nan,nan,nan,nan,0
scene_obj_big_box,big_box,95,2,Stage2_grasp,1,,2.511999999999945,-0.11240241298015663,0.6457774527964394,0.04242494142370288,nan,nan,nan,nan,nan,nan,nan,nan,nan,nan,0
scene_obj_big_box,big_box,95,3,Stage3_close,1,,3.0519999999998855,-0.11595046331202974,0.6534981372715223,0.04831793789346449,nan,nan,nan,nan,nan,nan,-0.0005002567994916909,nan,nan,9.75192775662855,2
scene_obj_big_box,big_box,95,4,Stage4_lift,1,,4.131999999999767,-0.12018227270043919,0.6551569403442078,0.33457685068984494,0.3146204701697591,nan,nan,nan,nan,nan,nan,0.008736003535850984,0.6643960265619819,nan,0
scene_obj_big_box,big_box,95,5,Stage5_hold,1,,6.291999999999529,-0.11769507420992834,0.6557612743231453,0.3393707912374904,0.3146204701697591,1.9999999999999978,0.01944543376235254,0.01939790731409031,0.024283574549229883,1.0,-0.000520312296625922,0.008754853642242103,0.6691753098905983,9.819963363685396,120
scene_obj_big_box,big_box,96,1,Stage1_pregrasp,1,,1.6480000000000012,-2.1068745081897934e-14,0.6000000000000187,0.019956380520093377,nan,nan,nan,nan,nan,nan,nan,nan,nan,nan,0
scene_obj_big_box,big_box,96,2,Stage2_grasp,1,,2.511999999999945,0.01558104607593848,0.6169104062004319,0.0272613289180585,nan,nan,nan,nan,nan,nan,nan,nan,nan,nan,0
scene_obj_big_box,big_box,96,3,Stage3_close,1,,3.0519999999998855,0.0010124444347145557,0.6061782018202022,0.04117908149871264,nan,nan,nan,nan,nan,nan,-0.002453494845683824,nan,nan,22.610673367953904,3
scene_obj_big_box,big_box,96,4,Stage4_lift,1,,4.131999999999767,0.009753353936838407,0.604044804964442,0.30733672886187235,0.2873803483417865,nan,nan,nan,nan,nan,nan,0.00501240537818174,0.40868681271167195,nan,0
scene_obj_big_box,big_box,96,5,Stage5_hold,1,,6.291999999999529,0.03606007938360744,0.5961323868505335,0.29992649469047583,0.2873803483417865,1.9999999999999978,0.0841200321002716,0.023556597911767556,0.029244103115629083,1.0,-0.0011830628166456531,0.002778770734404798,0.31386125161758655,10.247784513105236,120
scene_obj_big_box,big_box,97,1,Stage1_pregrasp,1,,1.6480000000000012,-2.1066987876405683e-14,0.6000000000000187,0.019956380520093367,nan,nan,nan,nan,nan,nan,nan,nan,nan,nan,0
scene_obj_big_box,big_box,97,2,Stage2_grasp,1,,2.511999999999945,-0.08259601109052575,0.6570968115416255,0.061860708344495745,nan,nan,nan,nan,nan,nan,nan,nan,nan,nan,0
scene_obj_big_box,big_box,97,3,Stage3_close,1,,3.0519999999998855,-0.14532157468558388,0.6267587533228288,0.07069712103029326,nan,nan,nan,nan,nan,nan,-0.0007877210854806685,nan,nan,5.462238809102599,4
scene_obj_big_box,big_box,97,4,Stage4_lift,0,lost_contact,3.8979999999997923,-0.16327645457871892,0.6010395278600881,0.29123873263042677,0.2712823521103409,nan,nan,nan,nan,nan,nan,nan,nan,nan,0
scene_obj_big_box,big_box,97,5,Stage5_hold,0,skipped_due_to_failure(Stage4_lift:lost_contact),3.8979999999997923,-0.16327645457871892,0.6010395278600881,0.29123873263042677,nan,nan,nan,nan,nan,nan,nan,nan,nan,nan,0
scene_obj_big_box,big_box,98,1,Stage1_pregrasp,1,,1.6480000000000012,-2.1074799405606926e-14,0.6000000000000187,0.019956380520093374,nan,nan,nan,nan,nan,nan,nan,nan,nan,nan,0
scene_obj_big_box,big_box,98,2,Stage2_grasp,1,,2.511999999999945,-0.09094470415159125,0.5758331883845234,0.022267700721740537,nan,nan,nan,nan,nan,nan,nan,nan,nan,nan,0
scene_obj_big_box,big_box,98,3,Stage3_close,0,no_contact,3.0519999999998855,-0.11448699754117053,0.5914316706596594,0.019956372490962052,nan,nan,nan,nan,nan,nan,999.0,nan,nan,0.0,0
scene_obj_big_box,big_box,98,4,Stage4_lift,0,skipped_due_to_failure(Stage3_close:no_contact),3.0519999999998855,-0.11448699754117053,0.5914316706596594,0.019956372490962052,nan,nan,nan,nan,nan,nan,nan,nan,nan,nan,0
scene_obj_big_box,big_box,98,5,Stage5_hold,0,skipped_due_to_failure(Stage3_close:no_contact),3.0519999999998855,-0.11448699754117053,0.5914316706596594,0.019956372490962052,nan,nan,nan,nan,nan,nan,nan,nan,nan,nan,0
scene_obj_big_box,big_box,99,1,Stage1_pregrasp,1,,1.6480000000000012,-2.1068745081897934e-14,0.6000000000000187,0.019956380520093377,nan,nan,nan,nan,nan,nan,nan,nan,nan,nan,0
scene_obj_big_box,big_box,99,2,Stage2_grasp,1,,2.511999999999945,-2.1062320221254358e-14,0.6000000000000187,0.01995638052009338,nan,nan,nan,nan,nan,nan,nan,nan,nan,nan,0
scene_obj_big_box,big_box,99,3,Stage3_close,1,,3.0519999999998855,-0.01173638481004833,0.6023088588777467,0.020368776466193353,nan,nan,nan,nan,nan,nan,-0.00043848313460974255,nan,nan,8.684133072715204,1
scene_obj_big_box,big_box,99,4,Stage4_lift,0,dropped,3.0699999999998835,-0.012068629406380904,0.6021779638723921,0.02095885202737074,0.0010024715072849064,nan,nan,nan,nan,nan,nan,nan,nan,nan,0
scene_obj_big_box,big_box,99,5,Stage5_hold,0,skipped_due_to_failure(Stage4_lift:dropped),3.0699999999998835,-0.012068629406380904,0.6021779638723921,0.02095885202737074,nan,nan,nan,nan,nan,nan,nan,nan,nan,nan,0
