scene,object_body,candidate_id,pair_dist,left_x_w,left_y_w,left_z_w,right_x_w,right_y_w,right_z_w,left_x_center,left_y_center,left_z_center,right_x_center,right_y_center,right_z_center,left_x_obj,left_y_obj,left_z_obj,right_x_obj,right_y_obj,right_z_obj,left_ax_w,left_ay_w,left_az_w,right_ax_w,right_ay_w,right_az_w,success,has_contact,lift_height,hold_duration,max_slip,obj_v_rms,obj_w_rms,contact_ratio,min_contact_dist,rel_pos_err,rel_rot_err_deg,contact_force_n_mean,contact_force_n_count,fail_stage,fail_reason
scene_obj_big_box,big_box,0,0.25450103417725184,0.02222737219699142,0.4340000000000144,0.027158603298622328,-0.0860000000000298,0.6638333681016219,0.011853858554291179,0.022227372197012485,-0.16600000000000437,0.007202222778536493,-0.08600000000000874,0.06383336810160312,-0.008102521965794656,0.022227372197003437,-0.1660000000000056,0.007202222778536499,-0.08600000000000525,0.06383336810160781,-0.008102521965794657,-0.132592836133485,0.9902389991524704,-0.04296338479452358,0.8006896970159887,-0.5943106995904359,0.0754372774169402,1,1,0.28433716296973893,1.9999999999999978,0.09571489555369782,0.02065235648993097,0.024430733551784694,1.0,-0.0012361377799390916,0.005328385018544761,0.44024969303253125,11.899920788934603,120,,
scene_obj_big_box,big_box,1,0.19066286134364707,-0.0860000000000298,0.5772059843026633,0.005375343088983839,-0.06522017768628448,0.7660000000000231,0.02202903088541619,-0.08600000000000874,-0.022794015697355396,-0.014581037431101996,-0.06522017768626341,0.16600000000000437,0.002072650365330355,-0.08600000000000999,-0.022794015697350706,-0.014581037431101994,-0.06522017768625436,0.16600000000000792,0.0020726503653303503,0.9538980383102754,0.25282752161533406,0.1617305000239009,0.36565629879919465,-0.9306774031290663,-0.01162029433494045,1,1,0.3086909720612597,1.9999999999999978,0.027339052359191873,0.019325296098701813,0.02704047169582476,1.0,-0.003377995772979744,0.0023278679000623124,0.24414029031443274,25.134846714951845,120,,
scene_obj_big_box,big_box,2,0.18208853777855002,-0.0860000000000298,0.5275334511410202,0.03187825387658839,0.08599999999998767,0.5859615270793341,0.019292725184035943,-0.08600000000000874,-0.0724665488589985,0.011921873356502553,0.08600000000000874,-0.014038472920684608,-0.0006636553360498919,-0.08600000000001269,-0.07246654885899381,0.011921873356502556,0.08600000000000797,-0.014038472920689299,-0.0006636553360498926,0.7604508066415687,0.6407819248180286,-0.10541858384453572,-0.9869085232704344,0.16110102998980724,0.0076158966007148395,1,1,0.29981409385115754,1.9999999999999978,0.0407084666490232,0.018063051963031335,0.02288223104387234,1.0,-0.0007143040827336427,0.004910778814380641,0.465551877170868,10.924020499180893,120,,
scene_obj_big_box,big_box,3,0.187489894168378,-0.0860000000000298,0.6468046199407191,0.008551609990108958,0.058216896947702323,0.7660000000000231,0.0206515448062504,-0.08600000000000874,0.0468046199407004,-0.011404770529976876,0.05821689694772339,0.16600000000000437,0.0006951642861645659,-0.08600000000000618,0.04680461994070509,-0.011404770529976876,0.05821689694773245,0.1660000000000012,0.0006951642861645591,0.8724451408017317,-0.47481933993409015,0.11569810035855937,-0.33093977167482336,-0.9436435979635364,-0.003951730892602813,1,1,0.2984964416555211,1.9999999999999978,0.05120378034561745,0.018447878586188002,0.0333490694934059,1.0,-0.0005736985508053728,0.008636991058802817,0.6742605231409121,11.871009436467826,120,,
scene_obj_big_box,big_box,4,0.3036297409928,0.08599999999998767,0.46669517934146104,0.022044079316982098,0.03553290598442259,0.7660000000000231,0.029836150128065977,0.08600000000000874,-0.1333048206585577,0.002087698796896263,0.035532905984443655,0.16600000000000437,0.009879769607980142,0.08600000000000146,-0.1333048206585624,0.0020876987968962667,0.03553290598445272,0.16600000000000242,0.009879769607980135,-0.5420660855854691,0.8402328177215117,-0.01315896179901088,-0.208958544686536,-0.9761970617644373,-0.05810001242300933,0,0,0.0,0.0,999.0,999.0,999.0,0.0,999.0,999.0,999.0,0.0,0,Stage3_close,no_contact
scene_obj_big_box,big_box,5,0.25355372990591674,-0.0860000000000298,0.5185175071529269,0.016777959187289773,-0.03126687509187924,0.7660000000000231,0.009981289327841248,-0.08600000000000874,-0.08148249284709186,-0.0031784213327960623,-0.03126687509185817,0.16600000000000437,-0.009975091192244587,-0.08600000000001318,-0.08148249284708717,-0.003178421332796058,-0.03126687509184911,0.16600000000000606,-0.009975091192244592,0.7256544467976989,0.6875364333796267,0.02681901830162671,0.18477794806331044,-0.9810107114445076,0.05894982715197257,1,1,0.30209111483018364,1.9999999999999978,0.04822790906040194,0.020924076852532045,0.02816799306787244,1.0,-0.0009257070088321181,0.005565885176161599,0.42021381489674564,6.958382957780964,120,,
scene_obj_big_box,big_box,6,0.3265261124478972,0.08599999999998767,0.4431002146549891,0.035638366843338994,0.04459126335056034,0.7660000000000231,0.010333283093900029,0.08600000000000874,-0.15689978534502963,0.01568198632325316,0.0445912633505814,0.16600000000000437,-0.009623097426185806,0.08600000000000017,-0.15689978534503432,0.015681986323253162,0.044591263350590465,0.16600000000000192,-0.009623097426185813,-0.4788173213839782,0.8735620342397746,-0.08731170564278483,-0.2590196819959966,-0.9642531738400713,0.05589820623717855,0,0,0.0,0.0,999.0,999.0,999.0,0.0,999.0,999.0,999.0,0.0,0,Stage3_close,no_contact
scene_obj_big_box,big_box,7,0.33419892520665573,0.012406871813000361,0.4340000000000144,0.025779190298325993,0.04538367441938987,0.7660000000000231,0.00635106380251406,0.012406871813021428,-0.16600000000000437,0.005822809778240158,0.045383674419410935,0.16600000000000437,-0.013605316717571776,0.012406871813012378,-0.16600000000000503,0.005822809778240164,0.04538367441942,0.1660000000000019,-0.013605316717571782,-0.07448675273272885,0.9966090679405619,-0.03495822304751182,-0.26289711376584934,-0.9615995496932834,0.07881244836777818,0,0,0.0,0.0,999.0,999.0,999.0,0.0,999.0,999.0,999.0,0.0,0,Stage3_close,no_contact
scene_obj_big_box,big_box,8,0.2749124037117021,0.047422635922757195,0.4340000000000144,0.01828193361048755,-0.0860000000000298,0.6740471487999653,0.030634920738122854,0.04742263592277826,-0.16600000000000437,-0.0016744469095982852,-0.08600000000000874,0.07404714879994656,0.01067854021803702,0.04742263592276921,-0.16600000000000695,-0.00167444690959828,-0.0860000000000047,0.07404714879995125,0.010678540218037018,-0.2746764210727715,0.961487800305513,0.00969855587854203,0.7544727117777666,-0.6496110831918814,-0.0936821766991804,0,1,0.17432104633752474,0.0,999.0,999.0,999.0,0.0,999.0,999.0,999.0,0.0,0,Stage4_lift,lost_contact
scene_obj_big_box,big_box,9,0.33203444908374463,-0.008456985520688173,0.4340000000000144,0.014482830833703688,-0.012145761850286499,0.7660000000000231,0.011438441316871021,-0.008456985520667107,-0.16600000000000437,-0.005473549686382147,-0.012145761850265432,0.16600000000000437,-0.008517939203214813,-0.008456985520676157,-0.1660000000000039,-0.005473549686382141,-0.012145761850256372,0.16600000000000503,-0.008517939203214819,0.05085214517486563,0.9981637166575206,0.032912642760654615,0.07287680460980994,-0.9960305260690082,0.05110920160000998,0,1,0.19941814723888637,0.0,999.0,999.0,999.0,0.0,999.0,999.0,999.0,0.0,0,Stage4_lift,lost_contact
scene_obj_big_box,big_box,10,0.3482559659411872,0.07081337595165552,0.4340000000000144,0.03464795673858443,-0.03128505481965336,0.7660000000000231,0.00946605356071138,0.07081337595167658,-0.16600000000000437,0.014691576218498596,-0.03128505481963229,0.16600000000000437,-0.010490326959374454,0.07081337595166753,-0.16600000000000822,0.0146915762184986,-0.03128505481962323,0.16600000000000606,-0.01049032695937446,-0.3910826823858446,0.916772070298604,-0.08113751051676107,0.18484768177753463,-0.9808106571005909,0.061982075170023083,1,1,0.3073785554576484,1.9999999999999978,0.05733319765138171,0.020715064086852943,0.030025748838649988,1.0,-0.0013622459727281383,0.005667210283070771,0.45005015701200124,9.871975337596162,120,,
scene_obj_big_box,big_box,11,0.256510068304626,0.08599999999998767,0.5272585977165343,0.005887126205990942,-0.006364846977399807,0.7660000000000231,0.022278984557046275,0.08600000000000874,-0.07274140228348447,-0.014069254314094892,-0.006364846977378741,0.16600000000000437,0.0023226040369604406,0.08600000000000477,-0.07274140228348916,-0.01406925431409489,-0.00636484697736968,0.16600000000000473,0.002322604036960435,-0.7576208703361036,0.6408186570636807,0.1239437290514357,0.03831055378629377,-0.9991680791584423,-0.013979950688285217,0,0,0.0,0.0,999.0,999.0,999.0,0.0,999.0,999.0,999.0,0.0,0,Stage3_close,no_contact
scene_obj_big_box,big_box,12,0.33203052853162096,-0.06444113189884015,0.4340000000000144,0.020754475502919364,-0.06545828287484269,0.7660000000000231,0.01636844302769086,-0.06444113189881909,-0.16600000000000437,0.000798094982833529,-0.06545828287482162,0.16600000000000437,-0.003587937492394975,-0.06444113189882814,-0.16600000000000084,0.0007980949828335359,-0.06545828287481258,0.16600000000000795,-0.0035879374923949796,0.3618843938300183,0.9322122005880763,-0.004481890844732094,0.36676250929892457,-0.9300973668993296,0.020103200085999168,1,1,0.296824156190943,1.9999999999999978,0.06905057535270052,0.020301895299182644,0.031169465784361295,1.0,-0.0013165142903409418,0.005284100616601312,0.3885271318215382,9.465978466881397,120,,
scene_obj_big_box,big_box,13,0.19646516354395632,-0.0860000000000298,0.5789297844408796,0.020660864524189537,-0.02629904336900274,0.7660000000000231,0.014408607783674482,-0.08600000000000874,-0.021070215559139127,0.0007044840041037018,-0.026299043368981673,0.16600000000000437,-0.005547772736411353,-0.08600000000000989,-0.021070215559134436,0.0007044840041037038,-0.02629904336897261,0.1660000000000058,-0.005547772736411358,0.9712430939371861,0.2379569924369726,-0.00795610725319613,0.15639123092703852,-0.9871440557609269,0.032990667948559364,1,1,0.2990337062421434,1.9999999999999978,0.013691164638284532,0.017626588288124863,0.02491047500145433,1.0,-0.0011314874897180617,0.009599174663963844,0.7437078883707161,10.659532777785037,120,,
scene_obj_big_box,big_box,14,0.3329536453992258,-0.010438296916432707,0.4340000000000144,0.028564693880580187,-0.03128858170444396,0.7660000000000231,0.014443942877661407,-0.01043829691641164,-0.16600000000000437,0.008608313360494353,-0.03128858170442289,0.16600000000000437,-0.005512437642424428,-0.01043829691642069,-0.16600000000000378,0.008608313360494358,-0.03128858170441383,0.16600000000000606,-0.005512437642424433,0.06267347350696244,0.9966948330238279,-0.05168591233406313,0.18512539843264508,-0.9821735107755251,0.03261548332645191,1,1,0.3138027494882777,1.9999999999999978,0.04919166035028193,0.021366269874840728,0.028779367138267002,1.0,-0.0009268670976586455,0.005312961702810397,0.40395335841305297,6.788356395920758,120,,
scene_obj_big_box,big_box,15,0.33562423379495626,-0.015393161493249222,0.4340000000000144,0.026811719666891963,-0.06400663750517205,0.7660000000000231,0.019304638977046772,-0.015393161493228155,-0.16600000000000437,0.006855339146806128,-0.06400663750515098,0.16600000000000437,-0.0006517415430390625,-0.015393161493237205,-0.16600000000000353,0.006855339146806134,-0.06400663750514193,0.16600000000000786,-0.0006517415430390673,0.09225579079088458,0.9948873256494104,-0.041086084519189645,0.3597623313691851,-0.9330367807944957,0.003663245971248121,1,1,0.3021379724471589,1.9999999999999978,0.06720620556111963,0.02031654513320196,0.0247121698956602,1.0,-0.001265545619362432,0.005435645756022305,0.4112857390799305,8.667574724448134,120,,
scene_obj_big_box,big_box,16,0.23590944159932678,-0.020039567214836858,0.4340000000000144,0.02497070852969325,0.08599999999998767,0.6445398077521456,0.01592282633027676,-0.02003956721481579,-0.16600000000000437,0.005014328009607414,0.08600000000000874,0.04453980775212685,-0.004033554189809076,-0.02003956721482484,-0.16600000000000328,0.00501432800960742,0.08600000000001116,0.04453980775212216,-0.004033554189809079,0.11979627440409232,0.9923458594643431,-0.029975588182710042,-0.8872080278580566,-0.4594892441504352,0.041611647186031955,0,0,0.0,0.0,999.0,999.0,999.0,0.0,999.0,999.0,999.0,0.0,0,Stage3_close,no_contact
scene_obj_big_box,big_box,17,0.3500546390876659,-0.03562555659118599,0.4340000000000144,0.004651592286908117,0.07531703084328842,0.7660000000000231,0.007099579242392082,-0.035625556591164925,-0.16600000000000437,-0.015304788233177718,0.07531703084330948,0.16600000000000437,-0.012856801277693753,-0.035625556591173974,-0.16600000000000242,-0.015304788233177711,0.07531703084331853,0.16600000000000026,-0.01285680127769376,0.20898648832436734,0.9737884929059434,0.08978088354114672,-0.41215376943391796,-0.908393824875663,0.0703556559536761,0,0,0.0,0.0,999.0,999.0,999.0,0.0,999.0,999.0,999.0,0.0,0,Stage3_close,no_contact
scene_obj_big_box,big_box,18,0.3369134387185704,-0.02908263853169426,0.4340000000000144,0.018296507202743634,0.02683438221941835,0.7660000000000231,0.03094371952347793,-0.029082638531673193,-0.16600000000000437,-0.0016598733173422003,0.026834382219439415,0.16600000000000437,0.010987339003392094,-0.02908263853168224,-0.16600000000000278,-0.001659873317342194,0.026834382219448477,0.1660000000000029,0.010987339003392087,0.1725598710974298,0.9849497861405386,0.009848746198412913,-0.15924171786113095,-0.9850841710750834,-0.06520152852094668,0,0,0.0,0.0,999.0,999.0,999.0,0.0,999.0,999.0,999.0,0.0,0,Stage3_close,no_contact
scene_obj_big_box,big_box,19,0.35427605665606,0.08599999999998767,0.45279769660824415,0.025544584763090915,-0.0795716686346865,0.7660000000000231,0.02690987424943825,0.08600000000000874,-0.1472023033917746,0.005588204243005081,-0.07957166863466543,0.16600000000000437,0.006953493729352417,0.0860000000000007,-0.14720230339177928,0.005588204243005085,-0.07957166863465638,0.1660000000000087,0.0069534937293524125,-0.5041777771586767,0.8629782571708665,-0.032761027831938384,0.4319446782824675,-0.9011098777392502,-0.0377461559296219,0,1,0.13034328260930292,0.0,999.0,999.0,999.0,0.0,999.0,999.0,999.0,0.0,0,Stage4_lift,lost_contact
scene_obj_big_box,big_box,20,0.22187301058324044,0.032823606502235286,0.4340000000000144,0.021445806702097742,0.08599999999998767,0.6493062180756941,0.014877971610474324,0.03282360650225635,-0.16600000000000437,0.0014894261820119076,0.08600000000000874,0.04930621807567537,-0.005078408909611511,0.032823606502247304,-0.16600000000000617,0.001489426182011913,0.08600000000001143,0.04930621807567068,-0.005078408909611514,-0.19396934274421082,0.9809680996914959,-0.008801684165053872,-0.8663962328836255,-0.4967293209127829,0.05116179474801868,0,0,0.0,0.0,999.0,999.0,999.0,0.0,999.0,999.0,999.0,0.0,0,Stage3_close,no_contact
scene_obj_big_box,big_box,21,0.33350200673325503,-0.00689845646792453,0.4340000000000144,0.009283330567229322,0.017812387231600238,0.7660000000000231,0.029005467843902687,-0.006898456467903463,-0.16600000000000437,-0.010673049952856513,0.017812387231621304,0.16600000000000437,0.009049087323816853,-0.0068984564679125115,-0.16600000000000398,-0.010673049952856508,0.017812387231630367,0.1660000000000034,0.009049087323816846,0.041435718716016444,0.9970823674631857,0.06410789105449839,-0.10653469793963506,-0.992834909101075,-0.05412198669029614,0,1,0.00015953389483426908,0.0,999.0,999.0,999.0,0.0,999.0,999.0,999.0,0.0,0,Stage4_lift,dropped
scene_obj_big_box,big_box,22,0.3443437883787282,-0.0860000000000298,0.440174708767053,0.01697244953428802,0.08599999999998767,0.7383660604673807,0.008572308693815358,-0.08600000000000874,-0.15982529123296574,-0.002983930985797814,0.08600000000000874,0.138366060467362,-0.011384071826270476,-0.08600000000001745,-0.15982529123296105,-0.002983930985797807,0.08600000000001629,0.1383660604673573,-0.011384071826270483,0.47378046303429844,0.8804895405225397,0.016438700047831805,-0.5265998391610246,-0.8472505254354655,0.06970756270594158,0,1,0.010051885243522133,0.0,999.0,999.0,999.0,0.0,999.0,999.0,999.0,0.0,0,Stage4_lift,dropped
scene_obj_big_box,big_box,23,0.27099770720413074,0.05868616692144063,0.4340000000000144,0.01601349849230663,-0.0860000000000298,0.6631277736382497,0.018490141190346858,0.0586861669214617,-0.16600000000000437,-0.003942882027779204,-0.08600000000000874,0.06312777363823097,-0.0014662393297389768,0.05868616692145265,-0.16600000000000756,-0.003942882027779199,-0.0860000000000053,0.06312777363823566,-0.0014662393297389777,-0.333231126295928,0.9425793141193577,0.02238842793612992,0.8060556220233467,-0.5916801958942804,0.013742679708927045,1,1,0.31261907165873465,1.9999999999999978,0.03162656838067377,0.024897736904491735,0.07394111212928428,1.0,-0.0022124567495488785,0.006652587023703059,0.6083149808111074,9.66357705233974,120,,
scene_obj_big_box,big_box,24,0.34693340462905176,0.03639691841568779,0.4340000000000144,0.030222529212461987,-0.0860000000000298,0.7577604206330221,0.0065376893063231085,0.03639691841570886,-0.16600000000000437,0.010266148692376152,-0.08600000000000874,0.15776042063300333,-0.013418691213762726,0.03639691841569981,-0.16600000000000636,0.010266148692376157,-0.08600000000000013,0.15776042063300802,-0.01341869121376273,-0.2137811941889344,0.9750187592817643,-0.06029932265447253,0.4773035680560019,-0.8755768798388435,0.0744742929647677,0,1,0.12853797126157265,0.0,999.0,999.0,999.0,0.0,999.0,999.0,999.0,0.0,0,Stage4_lift,lost_contact
scene_obj_big_box,big_box,25,0.31082566768960534,-0.0860000000000298,0.45302728399853276,0.019144666654283115,0.08599999999998767,0.7117821324035456,0.027777402117725503,-0.08600000000000874,-0.14697271600148598,-0.0008117138658027198,0.08600000000000874,0.11178213240352686,0.007821021597639668,-0.08600000000001676,-0.1469727160014813,-0.0008117138658027133,0.08600000000001483,0.11178213240352217,0.007821021597639663,0.5050299520284721,0.863088647810665,0.004766742031478507,-0.6088365688520061,-0.7913610459478725,-0.05536888319097543,0,0,0.0,0.0,999.0,999.0,999.0,0.0,999.0,999.0,999.0,0.0,0,Stage3_close,no_contact
scene_obj_big_box,big_box,26,0.2632243410692622,0.08599999999998767,0.5179769200900108,0.023501940531765297,-0.0015823576023383246,0.7660000000000231,0.03354864148865841,0.08600000000000874,-0.0820230799100079,0.0035455600116794626,-0.001582357602317258,0.16600000000000437,0.013592260968572575,0.08600000000000427,-0.08202307991001259,0.0035455600116794644,-0.0015823576023081972,0.16600000000000445,0.01359226096857257,-0.7233187132790199,0.6898701002288734,-0.029820580296526455,0.009500051090423046,-0.9966195243735314,-0.08160429314252625,0,1,0.17351255318898673,0.0,999.0,999.0,999.0,0.0,999.0,999.0,999.0,0.0,0,Stage4_lift,lost_contact
scene_obj_big_box,big_box,27,0.18584568447382796,0.08599999999998767,0.6593327784665074,0.021012882090833664,-0.0860000000000298,0.729544546521964,0.026005483022849895,0.08600000000000874,0.059332778466488656,0.0010565015707478288,-0.08600000000000874,0.12954454652194525,0.00604910250276406,0.08600000000001197,0.059332778466483965,0.0010565015707478254,-0.08600000000000167,0.12954454652194994,0.006049102502764057,-0.8230703371085556,-0.5678494183022686,-0.01011133841850053,0.5526647446358242,-0.832496554912875,-0.038873554534484704,0,1,0.003247583949087366,0.0,999.0,999.0,999.0,0.0,999.0,999.0,999.0,0.0,0,Stage4_lift,dropped
scene_obj_big_box,big_box,28,0.3465600270753916,-0.05339366879865269,0.4340000000000144,0.008777512509415188,0.045912663008218585,0.7660000000000231,0.013032489542716963,-0.053393668798631624,-0.16600000000000437,-0.011178868010670646,0.04591266300823965,0.16600000000000437,-0.006923890977368872,-0.05339366879864067,-0.16600000000000145,-0.01117886801067064,0.045912663008248714,0.16600000000000187,-0.006923890977368879,0.30557174473011994,0.9500173104137999,0.0639766151865537,-0.2663588763860249,-0.9630365695003623,0.04016843502674491,0,0,0.0,0.0,999.0,999.0,999.0,0.0,999.0,999.0,999.0,0.0,0,Stage3_close,no_contact
scene_obj_big_box,big_box,29,0.22965580148262657,0.08599999999998767,0.5753774208531768,0.00791601811710519,-0.04038115304766555,0.7660000000000231,0.028715624564765514,0.08600000000000874,-0.02462257914684196,-0.012040362402980644,-0.04038115304764448,0.16600000000000437,0.00875924404467968,0.08600000000000739,-0.02462257914684665,-0.012040362402980644,-0.04038115304763542,0.16600000000000656,0.008759244044679674,-0.9527811258087959,0.27278986837025443,0.13339337262158876,0.23605684819291306,-0.9703892495043642,-0.051204073823747365,0,0,0.0,0.0,999.0,999.0,999.0,0.0,999.0,999.0,999.0,0.0,0,Stage3_close,no_contact
scene_obj_big_box,big_box,30,0.19231618009137647,-0.0860000000000298,0.6471071542750811,0.02687194704441807,0.08599999999998767,0.7316642801122663,0.011009866629567808,-0.08600000000000874,0.0471071542750624,0.006915566524332235,0.08600000000000874,0.1316642801122475,-0.008946513890518027,-0.08600000000000617,0.04710715427506709,0.006915566524332235,0.08600000000001591,0.13166428011224282,-0.008946513890518032,0.8748719672236231,-0.47921777594100423,-0.07035157313497398,-0.5459737200921999,-0.8358748466992783,0.05679722640304851,0,0,0.0,0.0,999.0,999.0,999.0,0.0,999.0,999.0,999.0,0.0,0,Stage3_close,no_contact
scene_obj_big_box,big_box,31,0.2717573916761089,-0.038499618537382034,0.4340000000000144,0.018351388815866673,0.08599999999998767,0.6754368274063008,0.010593600043378707,-0.03849961853736097,-0.16600000000000437,-0.0016049917042191622,0.08600000000000874,0.0754368274062821,-0.009362780476707128,-0.038499618537370016,-0.16600000000000226,-0.0016049917042191557,0.08600000000001284,0.07543682740627741,-0.009362780476707131,0.2259186900386508,0.9741006267379942,0.009418213403548953,-0.7492614884166281,-0.6572315067889939,0.08157175390343044,0,0,0.0,0.0,999.0,999.0,999.0,0.0,999.0,999.0,999.0,0.0,0,Stage3_close,no_contact
scene_obj_big_box,big_box,32,0.19564222500726747,0.006774472118723895,0.4340000000000144,0.020851985359453137,0.08599999999998767,0.6128153483820005,0.025778152303265592,0.006774472118744962,-0.16600000000000437,0.0008956048393673026,0.08600000000000874,0.012815348381981728,0.005821771783179757,0.006774472118735914,-0.16600000000000473,0.0008956048393673083,0.08600000000000943,0.012815348381977038,0.005821771783179755,-0.040775538873129055,0.9991537841318295,-0.005390644363497568,-0.9868690792545479,-0.14705896579129402,-0.06680612278251315,0,0,0.0,0.0,999.0,999.0,999.0,0.0,999.0,999.0,999.0,0.0,0,Stage3_close,no_contact
scene_obj_big_box,big_box,33,0.19077630539943805,0.08599999999998767,0.5370948043924101,0.010623587797528526,0.08599999999998767,0.7275640538906674,0.021443185638034132,0.08600000000000874,-0.06290519560760865,-0.009332792722557309,0.08600000000000874,0.12756405389064862,0.0014868051179482977,0.08600000000000531,-0.06290519560761335,-0.009332792722557307,0.08600000000001569,0.12756405389064393,0.0014868051179482919,-0.8040486176270477,0.5881259949982749,0.08725603589733968,-0.5589744982486643,-0.8291285234660889,-0.009663792381379203,0,0,0.0,0.0,999.0,999.0,999.0,0.0,999.0,999.0,999.0,0.0,0,Stage3_close,no_contact
scene_obj_big_box,big_box,34,0.18294184310469783,0.0184442282615965,0.4340000000000144,0.03338222202342487,0.08599999999998767,0.602229032296911,0.00882762253933706,0.018444228261617568,-0.16600000000000437,0.013425841503339035,0.08600000000000874,0.002229032296892308,-0.011128757980748775,0.01844422826160852,-0.16600000000000537,0.01342584150333904,0.08600000000000886,0.002229032296887617,-0.011128757980748777,-0.11007519014258682,0.9906883228990893,-0.08012544820753967,-0.9914035067550662,-0.02569616785824546,0.12829174055746098,0,0,0.0,0.0,999.0,999.0,999.0,0.0,999.0,999.0,999.0,0.0,0,Stage3_close,no_contact
scene_obj_big_box,big_box,35,0.33565903345958387,-0.07739955381165037,0.4340000000000144,0.017671301504974334,-0.028826577698719533,0.7660000000000231,0.026817488390716165,-0.0773995538116293,-0.16600000000000437,-0.002285079015111501,-0.028826577698698466,0.16600000000000437,0.00686110787063033,-0.07739955381163835,-0.16600000000000015,-0.0022850790151114943,-0.028826577698689404,0.16600000000000595,0.006861107870630325,0.42255166211936807,0.9062529750821102,0.012475058167123144,0.17095182816502266,-0.9844388665212863,-0.040688802742430245,1,1,0.33178664443148737,0.6000000000000002,0.4257695700514181,0.9674745148662454,3.389744502378447,0.5945945945945946,-0.000435027847458384,0.005152974467222789,0.3799541899565538,7.814622220040771,22,,
scene_obj_big_box,big_box,36,0.18946715248699514,0.08599999999998767,0.6681255368636706,0.03317543432492422,-0.0739577444536108,0.7660000000000231,0.006121574588865505,0.08600000000000874,0.06812553686365186,0.013219053804838388,-0.07395774445358973,0.16600000000000437,-0.013834805931220329,0.08600000000001246,0.06812553686364717,0.013219053804838385,-0.07395774445358068,0.1660000000000084,-0.013834805931220334,-0.7782301175688756,-0.6164807507306648,-0.11962169531032123,0.40579105794264214,-0.9108081393795239,0.07590875812585095,0,1,0.015807790415756143,0.0,999.0,999.0,999.0,0.0,999.0,999.0,999.0,0.0,0,Stage4_lift,dropped
scene_obj_big_box,big_box,37,0.24537232736038136,0.08599999999998767,0.5208214566716537,0.02873514541864674,0.07641328260231411,0.7660000000000231,0.026958695259988993,0.08600000000000874,-0.07917854332836505,0.008778764898560904,0.07641328260233518,0.16600000000000437,0.007002314739903159,0.08600000000000442,-0.07917854332836974,0.008778764898560906,0.07641328260234423,0.1660000000000002,0.007002314739903152,-0.7336156740320342,0.675425818984968,-0.07488650614216123,-0.4178396057336787,-0.9077135831575022,-0.03828973616237302,0,0,0.0,0.0,999.0,999.0,999.0,0.0,999.0,999.0,999.0,0.0,0,Stage3_close,no_contact
scene_obj_big_box,big_box,38,0.20411820098026495,-0.0860000000000298,0.5695275612663053,0.024007467423036888,-0.034057348120167835,0.7660000000000231,0.004908208140729263,-0.08600000000000874,-0.030472438733713414,0.004051086902951053,-0.03405734812014677,0.16600000000000437,-0.015048172379356572,-0.0860000000000104,-0.030472438733708723,0.004051086902951056,-0.034057348120137707,0.16600000000000623,-0.015048172379356578,0.9416508115332711,0.33365577515111866,-0.04435708453203811,0.20019071330682414,-0.9757559012433898,0.08845387350653357,0,1,0.12104545305455891,0.0,999.0,999.0,999.0,0.0,999.0,999.0,999.0,0.0,0,Stage4_lift,lost_contact
scene_obj_big_box,big_box,39,0.34983561803233476,-0.07346002238498615,0.4340000000000144,0.029566180427084105,0.035582642991700636,0.7660000000000231,0.013114530916845158,-0.07346002238496509,-0.16600000000000437,0.00960979990699827,0.0355826429917217,0.16600000000000437,-0.006841849603240677,-0.07346002238497414,-0.16600000000000037,0.009609799906998277,0.035582642991730765,0.16600000000000242,-0.006841849603240683,0.4041103700124357,0.9131813365169311,-0.05286439712489596,-0.2094222476809113,-0.9769958100953898,0.04026782166065524,0,1,0.021158203059867303,0.0,999.0,999.0,999.0,0.0,999.0,999.0,999.0,0.0,0,Stage4_lift,lost_contact
scene_obj_big_box,big_box,40,0.2827576033944672,-0.0860000000000298,0.4981191662866362,0.004445353153217369,0.0010450692195988626,0.7660000000000231,0.029242069285673897,-0.08600000000000874,-0.10188083371338252,-0.015511027366868466,0.001045069219619929,0.16600000000000437,0.009285688765588062,-0.08600000000001429,-0.10188083371337783,-0.015511027366868461,0.00104506921962899,0.1660000000000043,0.009285688765588057,0.6407161791174575,0.7590313779317774,0.11556007196145664,-0.006285646940754104,-0.9984194085676725,-0.055849469189648615,0,1,0.20794759397734444,0.0,999.0,999.0,999.0,0.0,999.0,999.0,999.0,0.0,0,Stage4_lift,lost_contact
scene_obj_big_box,big_box,41,0.3074951134527258,-0.0860000000000298,0.46131082631539133,0.00939519592974863,-0.04839694290465268,0.7660000000000231,0.026823974824519984,-0.08600000000000874,-0.1386891736846274,-0.010561184590337204,-0.04839694290463161,0.16600000000000437,0.006867594304434149,-0.0860000000000163,-0.13868917368462272,-0.010561184590337197,-0.04839694290462255,0.166000000000007,0.006867594304434144,0.5258957670051384,0.8480935973276579,0.06458235198392637,0.2796743677781894,-0.9592743314937289,-0.039686186357566475,1,1,0.32002843543655735,1.2333333333333338,0.38030440560032786,0.6777342623863117,2.6127488751327532,0.8,-0.001059324241151592,0.005255297703240822,0.3945775719716568,6.87138428384918,60,,
scene_obj_big_box,big_box,42,0.33243589269562285,0.07123039479218063,0.4340000000000144,0.00996829511996349,0.07125118561035987,0.7660000000000231,0.02698658880857197,0.0712303947922017,-0.16600000000000437,-0.009988085400122344,0.07125118561038093,0.16600000000000437,0.007030208288486134,0.07123039479219265,-0.16600000000000825,-0.009988085400122339,0.07125118561038998,0.16600000000000048,0.007030208288486127,-0.39372723595929543,0.9175678635491745,0.055209314346606746,-0.3941275089406337,-0.9182326711292619,-0.038887752622479094,1,1,0.34506269487238483,1.9999999999999978,0.10691932007801841,0.02149488553408228,0.044062348745185324,1.0,-0.0005062021496260224,0.01244678996820702,3.1788207108188176,6.241743258172273,120,,
scene_obj_big_box,big_box,43,0.20030315150510558,0.08599999999998767,0.655240684562408,0.0330956001407999,-0.07924039930804717,0.7660000000000231,0.009657661170204482,0.08600000000000874,0.055240684562389286,0.013139219620714068,-0.07924039930802611,0.16600000000000437,-0.010298719349881353,0.08600000000001175,0.055240684562384595,0.013139219620714064,-0.07924039930801706,0.1660000000000087,-0.010298719349881358,-0.834512152039724,-0.5360351459802599,-0.12749812141632033,0.43011408784399313,-0.9010421351432145,0.05590108477263607,0,1,0.007539171943421952,0.0,999.0,999.0,999.0,0.0,999.0,999.0,999.0,0.0,0,Stage4_lift,dropped
scene_obj_big_box,big_box,44,0.1891470544014447,-0.0860000000000298,0.6314216065495443,0.016121242689434316,0.08599999999998767,0.7099706703550186,0.020880734681295313,-0.08600000000000874,0.03142160654952553,-0.0038351378306515187,0.08600000000000874,0.10997067035499986,0.0009243541612094786,-0.08600000000000703,0.03142160654953022,-0.0038351378306515187,0.08600000000001473,0.10997067035499516,0.0009243541612094733,0.9384472118951849,-0.34287812860077577,0.04184970237684069,-0.6160103955112816,-0.7877101876746203,-0.00662106712138479,1,1,0.3049356918059936,1.9999999999999978,0.011211968117911073,0.01838681109838002,0.02583783008127192,1.0,-0.00056200045402426,0.00849686020671357,0.6951069235829327,11.75931118855288,120,,
scene_obj_big_box,big_box,45,0.34816677428824894,0.055817565299917216,0.4340000000000144,0.015831747542152427,-0.04863987931510813,0.7660000000000231,0.006626043724540336,0.05581756529993828,-0.16600000000000437,-0.0041246329779334075,-0.048639879315087065,0.16600000000000437,-0.0133303367955455,0.055817565299929234,-0.16600000000000742,-0.004124632977933402,-0.048639879315078,0.16600000000000703,-0.013330336795545504,-0.3186267655834409,0.9475877853617356,0.023544890536083104,0.2803577640606082,-0.9568154668432051,0.07683537604943787,1,1,0.3021599102838016,1.9999999999999978,0.050257728456842087,0.02125227208920521,0.03596727953276934,1.0,-0.0021054403836376166,0.005629688811780791,0.4434887195222582,11.436780775706692,120,,
scene_obj_big_box,big_box,46,0.2878847986373873,-0.01174497446420171,0.4340000000000144,0.015489707179063937,0.08599999999998767,0.7042362203382924,0.03269326700735733,-0.011744974464180644,-0.16600000000000437,-0.004466673341021897,0.08600000000000874,0.10423622033827362,0.012736886487271493,-0.011744974464189694,-0.16600000000000373,-0.004466673341021891,0.08600000000001443,0.10423622033826893,0.012736886487271488,0.07055101821113913,0.9971472529605387,0.026830909951035778,-0.6335973414106608,-0.7679510707560385,-0.09383787693236942,0,0,0.0,0.0,999.0,999.0,999.0,0.0,999.0,999.0,999.0,0.0,0,Stage3_close,no_contact
scene_obj_big_box,big_box,47,0.28605870522804805,-0.005619456019714461,0.4340000000000144,0.032515377420621154,-0.0860000000000298,0.707695097798165,0.011078390052134715,-0.005619456019693395,-0.16600000000000437,0.01255899690053532,-0.08600000000000874,0.10769509779814623,-0.00887799046795112,-0.005619456019702443,-0.16600000000000406,0.012558996900535324,-0.08600000000000287,0.10769509779815092,-0.008877990467951121,0.03373645995406338,0.9965826465673142,-0.07539806246605937,0.6227135881824275,-0.7798046602271427,0.06428424767612405,1,1,0.2953002156000354,1.0333333333333345,0.46946351202389414,0.7487525544125131,3.0891640747195614,0.5714285714285714,-0.0011029513035278674,0.005362687218942618,0.4247851685334887,7.647785405477033,36,,
scene_obj_big_box,big_box,48,0.26603783258341746,0.020268071876850438,0.4340000000000144,0.008301961318653553,0.08599999999998767,0.6908987566295105,0.0297138933453555,0.020268071876871505,-0.16600000000000437,-0.011654419201432282,0.08600000000000874,0.09089875662949176,0.009757512825269665,0.020268071876862456,-0.16600000000000548,-0.011654419201432276,0.08600000000001369,0.09089875662948707,0.00975751282526966,-0.12090354249767636,0.9902268048258335,0.06952119450563149,-0.6851818973012128,-0.7242114247640702,-0.0777403622157966,0,1,-0.0005636852652092898,0.0,999.0,999.0,999.0,0.0,999.0,999.0,999.0,0.0,0,Stage4_lift,dropped
scene_obj_big_box,big_box,49,0.18849256831459493,0.08599999999998767,0.5794280493555453,0.010568494085799464,0.05997477791027969,0.7660000000000231,0.0040077503986755145,0.08600000000000874,-0.02057195064447348,-0.00938788643428637,0.05997477791030076,0.16600000000000437,-0.01594863012141032,0.08600000000000761,-0.02057195064447817,-0.00938788643428637,0.05997477791030982,0.1660000000000011,-0.015948630121410328,-0.96712655183058,0.2313451126885639,0.10557295623450622,-0.33841773764318445,-0.9366828257836959,0.08999281885241683,0,0,0.0,0.0,999.0,999.0,999.0,0.0,999.0,999.0,999.0,0.0,0,Stage3_close,no_contact
scene_obj_big_box,big_box,50,0.22578422961142944,-0.0860000000000298,0.5722031269705027,0.020869351837039744,0.08599999999998767,0.718431932894237,0.024283243947157012,-0.08600000000000874,-0.027796873029516056,0.0009129713169539096,0.08600000000000874,0.11843193289421827,0.004326863427071177,-0.08600000000001025,-0.027796873029511365,0.0009129713169539118,0.08600000000001519,0.11843193289421358,0.004326863427071172,0.9514823066323289,0.30753759148008397,-0.010100884355167124,-0.5873236714465272,-0.808812530743418,-0.029549643184126614,0,1,0.034423507311518636,0.0,999.0,999.0,999.0,0.0,999.0,999.0,999.0,0.0,0,Stage4_lift,lost_contact
scene_obj_big_box,big_box,51,0.2918883440547345,-0.0860000000000298,0.47654798766025785,0.032532278969841455,-0.056665413460691136,0.7660000000000231,0.008956444307172315,-0.08600000000000874,-0.12345201233976089,0.01257589844975562,-0.05666541346067007,0.16600000000000437,-0.01099993621291352,-0.08600000000001547,-0.1234520123397562,0.012575898449755625,-0.05666541346066101,0.16600000000000745,-0.010999936212913525,0.5696169609153846,0.8176786056727444,-0.08329587274104147,0.32242105328375903,-0.9445249152245843,0.0625886374637211,1,1,0.29282370594566176,1.9999999999999978,0.06462850026353201,0.02063544580278475,0.025142802373269622,1.0,-0.0014944340781841022,0.005048172674447788,0.387128578330418,10.32919733272928,120,,
scene_obj_big_box,big_box,52,0.3349296391743531,0.03437361696441922,0.4340000000000144,0.01184938485177863,-0.006716645905813334,0.7660000000000231,0.02814212847314992,0.03437361696444029,-0.16600000000000437,-0.008106995668307205,-0.006716645905792268,0.16600000000000437,0.008185747953064086,0.03437361696443124,-0.16600000000000625,-0.0081069956683072,-0.006716645905783207,0.16600000000000473,0.008185747953064081,-0.20253698514205207,0.9781088667032858,0.04776821894877228,0.04037965713539143,-0.9979717821203933,-0.0492117197151055,0,1,0.21997251534309423,0.0,999.0,999.0,999.0,0.0,999.0,999.0,999.0,0.0,0,Stage4_lift,lost_contact
scene_obj_big_box,big_box,53,0.20774213679098916,0.08599999999998767,0.4519928550940851,0.03088686294570195,0.08599999999998767,0.6587524801131586,0.010706356003155249,0.08600000000000874,-0.14800714490593364,0.010930482425616114,0.08600000000000874,0.05875248011313983,-0.009250024516930586,0.08600000000000066,-0.14800714490593833,0.010930482425616117,0.08600000000001194,0.058752480113135136,-0.00925002451693059,-0.5013781185215981,0.862878416752128,-0.06372447340800283,-0.8224708098145741,-0.5618860453170217,0.08846366459585803,0,0,0.0,0.0,999.0,999.0,999.0,0.0,999.0,999.0,999.0,0.0,0,Stage3_close,no_contact
scene_obj_big_box,big_box,54,0.33427662015182164,0.026611263862172288,0.4340000000000144,0.022075753896217704,-0.00822389407718721,0.7660000000000231,0.004658218150328369,0.026611263862193354,-0.16600000000000437,0.0021193733761318695,-0.008223894077166144,0.16600000000000437,-0.015298162369757465,0.026611263862184306,-0.1660000000000058,0.002119373376131875,-0.008223894077157083,0.1660000000000048,-0.01529816236975747,-0.1582752308852918,0.987314562097375,-0.012605350582990463,0.04927256150303991,-0.9945708362434684,0.09165726591010628,0,1,0.20180097413111353,0.0,999.0,999.0,999.0,0.0,999.0,999.0,999.0,0.0,0,Stage4_lift,lost_contact
scene_obj_big_box,big_box,55,0.1891196639782581,-0.030458582441444226,0.4340000000000144,0.017895665087253654,-0.0860000000000298,0.6147485974435083,0.014527763508839673,-0.03045858244142316,-0.16600000000000437,-0.002060715432832181,-0.08600000000000874,0.014748597443489553,-0.005428617011246162,-0.030458582441432208,-0.1660000000000027,-0.0020607154328321745,-0.08600000000000793,0.014748597443494244,-0.005428617011246161,0.1804591549276883,0.9835066939050023,0.012209201339902054,0.9837092879712541,-0.168701538252422,0.06209512761396578,1,1,0.30584900854025693,1.9999999999999978,0.004282969330885819,0.01915673043483388,0.04051813975384489,1.0,-0.0008164405057130577,0.004701049584162779,0.3967718317903957,9.343432772632685,120,,
scene_obj_big_box,big_box,56,0.18678796756040916,-0.0860000000000298,0.5711543839703663,0.02885638402048272,0.08599999999998767,0.6413169996423523,0.00928721982249911,-0.08600000000000874,-0.02884561602965241,0.008900003500396884,0.08600000000000874,0.041316999642333596,-0.010669160697586725,-0.0860000000000103,-0.02884561602964772,0.008900003500396885,0.08600000000001098,0.041316999642328905,-0.010669160697586728,0.9435589357261357,0.31648300885233516,-0.09764741663712224,-0.8957883486327077,-0.4303638009309352,0.11113150979752592,1,1,0.29178678274502384,1.9999999999999978,0.07439325720627127,0.019036114233690612,0.0369314832393459,1.0,-0.0006078966067274488,0.007307528676389181,0.6320186229253542,11.295807059056461,120,,
scene_obj_big_box,big_box,57,0.18916577083974662,-0.0860000000000298,0.4910388955487155,0.007608882749347894,-0.0860000000000298,0.6797121941279313,0.021249823355978727,-0.08600000000000874,-0.10896110445130325,-0.012347497770737941,-0.08600000000000874,0.07971219412791253,0.001293442835892892,-0.08600000000001468,-0.10896110445129856,-0.012347497770737936,-0.08600000000000439,0.07971219412791722,0.0012934428358928904,0.6171103697685406,0.7818724123061104,0.08860196412808777,0.7333649404717741,-0.6797456802498272,-0.011029832887769037,1,1,0.29468142499127864,1.9999999999999978,0.033013888585194696,0.018644878757708847,0.019159257430049887,1.0,-0.0011480471339304268,0.008310565697828235,0.6779831088576708,9.983040074551463,120,,
scene_obj_big_box,big_box,58,0.23215319265988707,-0.0860000000000298,0.5665314306939832,0.00918016598643469,0.032746344577309155,0.7660000000000231,0.011768673413518388,-0.08600000000000874,-0.03346856930603559,-0.010776214533651145,0.03274634457733022,0.16600000000000437,-0.008187707106567447,-0.08600000000001057,-0.0334685693060309,-0.010776214533651143,0.032746344577339284,0.1660000000000026,-0.008187707106567453,0.925626735449837,0.3602256110106883,0.11598549161964632,-0.19331118084149387,-0.9799462026642201,0.048334412575948234,1,1,0.3175926847468323,1.9999999999999978,0.035855877964270574,0.016507413351097244,0.026032940558999487,1.0,-0.0012140961086847995,0.008765108558703223,0.6585259007613157,13.237049207866693,120,,
scene_obj_big_box,big_box,59,0.1805329192138124,-0.0860000000000298,0.4987214294628443,0.030147736247948417,0.08599999999998767,0.5534574318978065,0.026668518333714836,-0.08600000000000874,-0.10127857053717443,0.010191355727862582,0.08600000000000874,-0.046542568102212245,0.006712137813629001,-0.08600000000001426,-0.10127857053716974,0.010191355727862587,0.0860000000000062,-0.046542568102216936,0.006712137813629001,0.6453733846502004,0.7600289983732987,-0.0764794155844676,-0.877401953507324,0.47484349039679696,-0.06847956778939378,0,0,0.0,0.0,999.0,999.0,999.0,0.0,999.0,999.0,999.0,0.0,0,Stage3_close,no_contact
scene_obj_big_box,big_box,60,0.31308212796278306,-0.0860000000000298,0.47677579199624964,0.028919281576448384,0.03380399559478148,0.7660000000000231,0.03301549858887502,-0.08600000000000874,-0.1232242080037691,0.008962901056362549,0.033803995594802544,0.16600000000000437,0.013059118068789188,-0.08600000000001545,-0.12322420800376441,0.008962901056362554,0.033803995594811606,0.16600000000000253,0.01305911806878918,0.5712988241341994,0.8185795946210948,-0.059540637608495095,-0.1989529018789839,-0.9769904749659257,-0.0768592407509766,0,1,0.06497014709905591,0.0,999.0,999.0,999.0,0.0,999.0,999.0,999.0,0.0,0,Stage4_lift,lost_contact
scene_obj_big_box,big_box,61,0.27427544264646353,0.08599999999998767,0.5423383473267602,0.03262938617922335,-0.07266394318366404,0.7660000000000231,0.027315564974744848,0.08600000000000874,-0.05766165267325851,0.012673005659137513,-0.07266394318364297,0.16600000000000437,0.007359184454659013,0.08600000000000559,-0.0576616526732632,0.012673005659137513,-0.07266394318363392,0.16600000000000834,0.007359184454659008,-0.8244316145993495,0.5527684815567045,-0.12148868043474852,0.40066892504386054,-0.9153238682518205,-0.04057853724227094,0,1,0.015607474764891511,0.0,999.0,999.0,999.0,0.0,999.0,999.0,999.0,0.0,0,Stage4_lift,dropped
scene_obj_big_box,big_box,62,0.3438398895547604,0.027151173087041944,0.4340000000000144,0.015371718615383397,-0.0860000000000298,0.7583686103529713,0.029783043875086415,0.02715117308706301,-0.16600000000000437,-0.004584661904702438,-0.08600000000000874,0.15836861035295258,0.00982666335500058,0.027151173087053962,-0.16600000000000584,-0.004584661904702433,-0.0860000000000001,0.15836861035295727,0.009826663355000577,-0.16135647854193955,0.9865200060444265,0.02724614873456977,0.47650599489873324,-0.8774836306622771,-0.05444725579661628,0,1,0.17228445499687536,0.0,999.0,999.0,999.0,0.0,999.0,999.0,999.0,0.0,0,Stage4_lift,lost_contact
scene_obj_big_box,big_box,63,0.3088593880767884,-0.0515536209506485,0.4340000000000144,0.024510294256255605,0.08599999999998767,0.7105195318743269,0.021336738120317517,-0.05155362095062743,-0.16600000000000437,0.004553913736169771,0.08600000000000874,0.11051953187430819,0.0013803576002316825,-0.05155362095063648,-0.16600000000000156,0.004553913736169778,0.08600000000001476,0.1105195318743035,0.0013803576002316773,0.2964883791099094,0.9546772859927942,-0.026189867507781614,-0.6140903550795137,-0.7891741694407983,-0.009856561498405737,0,0,0.0,0.0,999.0,999.0,999.0,0.0,999.0,999.0,999.0,0.0,0,Stage3_close,no_contact
scene_obj_big_box,big_box,64,0.19063481417287403,-0.06029125618330702,0.4340000000000144,0.004685825669520482,0.08599999999998767,0.5557763965341421,0.015221953335922868,-0.06029125618328595,-0.16600000000000437,-0.015270554850565353,0.08600000000000874,-0.044223603465876615,-0.004734427184162967,-0.060291256183295,-0.1660000000000011,-0.015270554850565346,0.08600000000000632,-0.044223603465881306,-0.004734427184162967,0.3401120659482944,0.936431027009683,0.08614350217904959,-0.8882448231048969,0.4567603120651708,0.04889919112441189,0,0,0.0,0.0,999.0,999.0,999.0,0.0,999.0,999.0,999.0,0.0,0,Stage3_close,no_contact
scene_obj_big_box,big_box,65,0.31750703395026564,-0.04268516160443076,0.4340000000000144,0.015803894415893163,0.08599999999998767,0.7237386306712068,0.03319273243118887,-0.042685161604409695,-0.16600000000000437,-0.004152486104192672,0.08600000000000874,0.12373863067118807,0.013236351911103037,-0.04268516160441874,-0.16600000000000203,-0.004152486104192665,0.08600000000001548,0.12373863067118337,0.013236351911103032,0.24896496079108688,0.9682096058188989,0.0242197405669201,-0.568521888349957,-0.8180013950117977,-0.08750181143446624,0,0,0.0,0.0,999.0,999.0,999.0,0.0,999.0,999.0,999.0,0.0,0,Stage3_close,no_contact
scene_obj_big_box,big_box,66,0.1848261529667012,0.036446200094705464,0.4340000000000144,0.035453253172132264,0.08599999999998767,0.6099532067099802,0.008147634997519927,0.03644620009472653,-0.16600000000000437,0.015496872652046429,0.08600000000000874,0.00995320670996147,-0.011808745522565908,0.03644620009471748,-0.16600000000000636,0.015496872652046434,0.08600000000000928,0.00995320670995678,-0.01180874552256591,-0.21356160364034046,0.9727002022750503,-0.0908060913450353,-0.9842553466651426,-0.11391275489234833,0.13514908044177185,0,0,0.0,0.0,999.0,999.0,999.0,0.0,999.0,999.0,999.0,0.0,0,Stage3_close,no_contact
scene_obj_big_box,big_box,67,0.22086701751701113,0.08599999999998767,0.48936888885057683,0.012441221131353828,-0.0860000000000298,0.6277513974502503,0.005475538069730802,0.08600000000000874,-0.11063111114944191,-0.007515159388732007,-0.08600000000000874,0.027751397450231585,-0.014480842450355032,0.0860000000000027,-0.1106311111494466,-0.0075151593887320045,-0.08600000000000722,0.027751397450236276,-0.014480842450355032,-0.612853425781795,0.7883797147206411,0.05355454856604842,0.9396895419096795,-0.30322904601580136,0.15822670010045323,1,1,0.3206546712496418,1.9999999999999978,0.038970091562472484,0.02830007665274387,0.08643693195560623,1.0,-0.0009878324236532914,0.05236585111273371,4.152857618367393,5.550520736922112,120,,
scene_obj_big_box,big_box,68,0.18185927573572963,-0.0860000000000298,0.5094934605223337,0.027792042628665158,0.08599999999998767,0.5672735241983351,0.015533967220373934,-0.08600000000000874,-0.09050653947768506,0.007835662108579323,0.08600000000000874,-0.03272647580168364,-0.004422413299711901,-0.08600000000001368,-0.09050653947768036,0.007835662108579328,0.08600000000000695,-0.03272647580168833,-0.004422413299711901,0.6874759242566718,0.7235007776591648,-0.06263754709602332,-0.9335381979573056,0.35524901448132573,0.048005717935291285,1,1,0.28419722777974815,1.9999999999999978,0.03506754696508713,0.01839606749938121,0.02767898293741573,1.0,-0.0053489426046055746,0.02865533643756123,3.193758760542841,85.84158827357307,120,,
scene_obj_big_box,big_box,69,0.2797305552905636,0.07441861198710223,0.4340000000000144,0.022305620152345395,0.08599999999998767,0.7134865495256791,0.02078126812600458,0.0744186119871233,-0.16600000000000437,0.00234923963225956,0.08600000000000874,0.1134865495256604,0.0008248876059187456,0.07441861198711425,-0.16600000000000842,0.002349239632259565,0.08600000000001493,0.1134865495256557,0.0008248876059187403,-0.4090438531009792,0.9124233548794667,-0.012912657269168772,-0.6039606172750357,-0.7969930988828465,-0.005793018926199551,0,0,0.0,0.0,999.0,999.0,999.0,0.0,999.0,999.0,999.0,0.0,0,Stage3_close,no_contact
scene_obj_big_box,big_box,70,0.35541890292233463,0.07057444676394126,0.4340000000000144,0.010321769513810758,-0.0560937728342829,0.7660000000000231,0.017653801860040324,0.07057444676396232,-0.16600000000000437,-0.009634611006275077,-0.05609377283426183,0.16600000000000437,-0.002302578660045511,0.07057444676395327,-0.16600000000000822,-0.009634611006275072,-0.05609377283425277,0.16600000000000742,-0.002302578660045516,-0.39069850523881333,0.9189721612208562,0.0533369837286664,0.3201033385867252,-0.9472914999388637,0.013139838509648637,0,1,0.23114748651303682,0.0,999.0,999.0,999.0,0.0,999.0,999.0,999.0,0.0,0,Stage4_lift,lost_contact
scene_obj_big_box,big_box,71,0.31061736384236643,0.08599999999998767,0.4629572244014453,0.034101373497061084,0.01783765182661602,0.7660000000000231,0.03264632388170631,0.08600000000000874,-0.13704277559857342,0.01414499297697525,0.017837651826637088,0.16600000000000437,0.012689943361620475,0.08600000000000126,-0.1370427755985781,0.014144992976975253,0.01783765182664615,0.1660000000000034,0.012689943361620468,-0.5295260978433944,0.8438107697713159,-0.08709468529208328,-0.10653338414568396,-0.9914164678209244,-0.0757892700266568,0,0,0.0,0.0,999.0,999.0,999.0,0.0,999.0,999.0,999.0,0.0,0,Stage3_close,no_contact
scene_obj_big_box,big_box,72,0.3322068809987933,0.03389107399924221,0.4340000000000144,0.020034235449362735,0.045610620658729756,0.7660000000000231,0.020287235521933688,0.03389107399926328,-0.16600000000000437,7.785492927690069e-05,0.04561062065875082,0.16600000000000437,0.00033085500184785316,0.03389107399925423,-0.16600000000000623,7.785492927690605e-05,0.045610620658759884,0.16600000000000187,0.0003308550018478466,-0.20003661488861502,0.9797883086335004,-0.0004595262016565862,-0.26494332105898444,-0.9642620657334662,-0.0019218730574701943,0,0,0.0,0.0,999.0,999.0,999.0,0.0,999.0,999.0,999.0,0.0,0,Stage3_close,no_contact
scene_obj_big_box,big_box,73,0.23401143533140542,-0.0860000000000298,0.5790824078051543,0.013459635533240694,0.05479363390849107,0.7660000000000231,0.012895503659777896,-0.08600000000000874,-0.020917592194864443,-0.006496744986845141,0.054793633908512135,0.16600000000000437,-0.007060876860307938,-0.08600000000000987,-0.020917592194859752,-0.006496744986845139,0.0547936339085212,0.16600000000000137,-0.007060876860307945,0.9690638497286567,0.23570328394659742,0.07320651985647515,-0.31319240237422025,-0.9488317362000214,0.04035894006301422,0,1,0.16180232434817654,0.0,999.0,999.0,999.0,0.0,999.0,999.0,999.0,0.0,0,Stage4_lift,lost_contact
scene_obj_big_box,big_box,74,0.18931774897564654,-0.0860000000000298,0.659613139318766,0.02403940140787776,0.07055531209211638,0.7660000000000231,0.02036786122378435,-0.08600000000000874,0.05961313931874723,0.0040830208877919265,0.07055531209213745,0.16600000000000437,0.0004114807036985149,-0.08600000000000549,0.05961313931875192,0.004083020887791926,0.0705553120921465,0.1660000000000005,0.000411480703698508,0.8212331208686076,-0.5692591214826153,-0.03898967425875274,-0.3911645652281186,-0.9203179165740725,-0.002281283517700244,1,1,0.31297808450160686,1.9999999999999978,0.010553718215593493,0.019852706208911153,0.02909256545214493,1.0,-0.0005172199628429106,0.009142559781755053,0.6972368359235561,6.799298811431533,120,,
scene_obj_big_box,big_box,75,0.3381510353687087,-0.05156534657342547,0.4340000000000144,0.024319553161514507,0.08599999999998767,0.7428529628504926,0.018685240288811265,-0.051565346573404405,-0.16600000000000437,0.0043631726414286726,0.08600000000000874,0.14285296285047389,-0.0012711402312745694,-0.051565346573413454,-0.16600000000000156,0.0043631726414286795,0.08600000000001652,0.1428529628504692,-0.0012711402312745757,0.29655822551910765,0.9546850493110731,-0.025093106556234625,-0.515751193419775,-0.8567044892287815,0.007623163852135831,0,0,0.0,0.0,999.0,999.0,999.0,0.0,999.0,999.0,999.0,0.0,0,Stage3_close,no_contact
scene_obj_big_box,big_box,76,0.3372197288369749,0.07827284378708493,0.4340000000000144,0.020827663148014448,0.021201435886101253,0.7660000000000231,0.005465374351204854,0.078272843787106,-0.16600000000000437,0.0008712826279286129,0.02120143588612232,0.16600000000000437,-0.014491006168880981,0.07827284378709695,-0.16600000000000864,0.0008712826279286175,0.02120143588613138,0.1660000000000032,-0.014491006168880988,-0.4264844166378848,0.9044824454628175,-0.004747348445771815,-0.12621805190303506,-0.9882442268742235,0.08626899510840369,0,0,0.0,0.0,999.0,999.0,999.0,0.0,999.0,999.0,999.0,0.0,0,Stage3_close,no_contact
scene_obj_big_box,big_box,77,0.3342321028233647,0.07446135564768522,0.4340000000000144,0.03536165877149764,0.03605895278435914,0.7660000000000231,0.03184683131552909,0.07446135564770628,-0.16600000000000437,0.015405278251411806,0.036058952784380205,0.16600000000000437,0.011890450795443253,0.07446135564769724,-0.16600000000000842,0.015405278251411811,0.03605895278438927,0.1660000000000024,0.011890450795443246,-0.40781421825967723,0.9091583095988605,-0.08437251044550168,-0.21175411006805198,-0.9748253778053179,-0.06982598306592293,0,1,0.08207337817281248,0.0,999.0,999.0,999.0,0.0,999.0,999.0,999.0,0.0,0,Stage4_lift,lost_contact
scene_obj_big_box,big_box,78,0.2756525334123477,0.06720900885556705,0.4340000000000144,0.03569334666555244,-0.0860000000000298,0.6624281736335329,0.017475545684473053,0.06720900885558811,-0.16600000000000437,0.015736966145466606,-0.08600000000000874,0.06242817363351416,-0.0024808348356127816,0.06720900885557907,-0.16600000000000803,0.01573696614546661,-0.08600000000000534,0.06242817363351885,-0.0024808348356127824,-0.37384113740768116,0.9233528341865572,-0.08753477284285607,0.8090402941680276,-0.5872896274514635,0.02333831796728199,1,1,0.29477814072508035,0.3833333333333333,0.3524983219735802,1.0128681796082704,4.912723602821488,0.375,-0.0005928992566289239,0.03918294385436785,4.920400116316679,9.16861096889212,9,,
scene_obj_big_box,big_box,79,0.276915716141813,-0.07875036553511075,0.4340000000000144,0.010221685185647,-0.0860000000000298,0.7108200553743259,0.009578576313623242,-0.07875036553508968,-0.16600000000000437,-0.009734695334438834,-0.08600000000000874,0.11082005537430717,-0.010377804206462593,-0.07875036553509873,-0.16600000000000006,-0.009734695334438827,-0.08600000000000269,0.11082005537431186,-0.010377804206462596,0.4280139700930856,0.9022220856079124,0.05290877787587222,0.611410365320438,-0.7878666342003422,0.0737801983848445,1,1,0.28822029232004964,1.7666666666666653,0.34949835537958274,0.4250236344342966,1.7986243606650827,0.8785046728971962,-0.0010078235952186848,0.005084119752140761,0.395522466072818,8.635833049165228,94,,
scene_obj_big_box,big_box,80,0.2307955279650238,-0.01449258706999576,0.4340000000000144,0.020110912067033058,0.08599999999998767,0.6414778568661297,0.03109975108121709,-0.014492587069974694,-0.16600000000000437,0.00015453154694722304,0.08600000000000874,0.04147785686611094,0.011143370561131256,-0.014492587069983744,-0.1660000000000036,0.00015453154694722914,0.086000000000011,0.04147785686610625,0.011143370561131252,0.08697386999020916,0.996210155486084,-0.000927384918143338,-0.8946407153060909,-0.4314858085588067,-0.11592224429918942,0,0,0.0,0.0,999.0,999.0,999.0,0.0,999.0,999.0,999.0,0.0,0,Stage3_close,no_contact
scene_obj_big_box,big_box,81,0.3164581683749665,-0.0860000000000298,0.4878003822901664,0.024002803862087196,0.0647909141274777,0.7660000000000231,0.02758683147343684,-0.08600000000000874,-0.11219961770985232,0.004046423342001362,0.06479091412749877,0.16600000000000437,0.007630450953351006,-0.08600000000001486,-0.11219961770984763,0.004046423342001367,0.06479091412750781,0.16600000000000084,0.007630450953350999,0.6080946832000659,0.7933487324003979,-0.028611726979621162,-0.3632603765202427,-0.9307049192684353,-0.04278131468988022,0,1,0.03776109956722076,0.0,999.0,999.0,999.0,0.0,999.0,999.0,999.0,0.0,0,Stage4_lift,lost_contact
scene_obj_big_box,big_box,82,0.23006193377484474,-0.0708467905999145,0.4340000000000144,0.026923031735034925,0.08599999999998767,0.6014867813225759,0.0103171372111036,-0.07084679059989343,-0.16600000000000437,0.0069666512149490906,0.08600000000000874,0.0014867813225571958,-0.009639243308982234,-0.07084679059990248,-0.1660000000000005,0.0069666512149490975,0.08600000000000882,0.0014867813225525044,-0.009639243308982236,0.39224091445782777,0.9190535132031664,-0.038570634182890966,-0.9936304884474937,-0.017178037811011244,0.11137030276008465,0,0,0.0,0.0,999.0,999.0,999.0,0.0,999.0,999.0,999.0,0.0,0,Stage3_close,no_contact
scene_obj_big_box,big_box,83,0.19228363031190052,0.08599999999998767,0.4863539518131863,0.01902718835087514,-0.0860000000000298,0.5716279626079106,0.029859435066070104,0.08600000000000874,-0.11364604818683244,-0.0009291921692106964,-0.08600000000000874,-0.02837203739210814,0.00990305454598427,0.08600000000000253,-0.11364604818683713,-0.0009291921692106937,-0.08600000000001029,-0.02837203739210345,0.009903054545984271,-0.6034190669293906,0.7973975855477213,0.006519677578408813,0.9440270511239051,0.3114415208563523,-0.10870641139725305,1,1,0.31284453266696843,1.9999999999999978,0.03881979147260892,0.027649944656547902,0.1189805532475183,1.0,-0.001769604235874596,0.013164708588022541,1.1783367929779236,14.981474661710733,120,,
scene_obj_big_box,big_box,84,0.228781223929562,-0.0860000000000298,0.5758431385281364,0.03442188944785224,0.08599999999998767,0.7254762671893883,0.015270512741525879,-0.08600000000000874,-0.02415686147188234,0.014465508927766404,0.08600000000000874,0.12547626718936955,-0.004685867778559956,-0.08600000000001005,-0.02415686147187765,0.014465508927766406,0.08600000000001558,0.12547626718936486,-0.004685867778559962,0.9503600774970503,0.2669501946569916,-0.15985397890261577,-0.5650775671963814,-0.8244630674912194,0.03078928795944538,1,1,0.3117435739530165,1.9999999999999978,0.058031376595490465,0.018399299502146953,0.04131187163417988,1.0,-0.0005636737897658272,0.008173424448914612,0.6477342892649957,5.4950909337467,120,,
scene_obj_big_box,big_box,85,0.3334262869076709,0.005370076290368647,0.4340000000000144,0.00948307904794386,0.02634859574099449,0.7660000000000231,0.03204389735514128,0.005370076290389714,-0.16600000000000437,-0.010473301472141974,0.026348595741015557,0.16600000000000437,0.012087516835055444,0.005370076290380665,-0.16600000000000467,-0.010473301472141969,0.02634859574102462,0.16600000000000292,0.012087516835055438,-0.03226884871134035,0.9974958634514859,0.06293418611531146,-0.15636017984953052,-0.9850919612622335,-0.07173081726406458,0,1,0.0030930143525247436,0.0,999.0,999.0,999.0,0.0,999.0,999.0,999.0,0.0,0,Stage4_lift,dropped
scene_obj_big_box,big_box,86,0.34932705506272066,-0.05420508587322409,0.4340000000000144,0.00760333111996635,0.05412583600235529,0.7660000000000231,0.015958135987487774,-0.054205085873203024,-0.16600000000000437,-0.012353049400119484,0.05412583600237636,0.16600000000000437,-0.003998244532598061,-0.05420508587321207,-0.1660000000000014,-0.012353049400119477,0.05412583600238542,0.16600000000000142,-0.003998244532598068,0.3096332162926206,0.9482341569351922,0.07056375532229381,-0.30991554500824686,-0.9504884223702639,0.02289328396409376,0,0,0.0,0.0,999.0,999.0,999.0,0.0,999.0,999.0,999.0,0.0,0,Stage3_close,no_contact
scene_obj_big_box,big_box,87,0.2593622879413927,0.08599999999998767,0.5169743741004643,0.02374228777740754,0.013517279002263988,0.7660000000000231,0.022606854691287155,0.08600000000000874,-0.08302562589955442,0.0037859072573217037,0.013517279002285054,0.16600000000000437,0.0026504741712013204,0.08600000000000421,-0.08302562589955911,0.0037859072573217054,0.013517279002294115,0.16600000000000362,0.0026504741712013143,-0.7190779254611214,0.6942080794413568,-0.03165537600677695,-0.08115048219185653,-0.9965748314857827,-0.015912023195917505,0,0,0.0,0.0,999.0,999.0,999.0,0.0,999.0,999.0,999.0,0.0,0,Stage3_close,no_contact
scene_obj_big_box,big_box,88,0.2782432149792685,0.009502681510056968,0.4340000000000144,0.005206337574935917,-0.0860000000000298,0.6945075921241826,0.026046657919172295,0.009502681510078034,-0.16600000000000437,-0.014750042945149918,-0.08600000000000874,0.09450759212416382,0.00609027739908646,0.009502681510068984,-0.1660000000000049,-0.014750042945149913,-0.08600000000000359,0.09450759212416851,0.006090277399086458,-0.056927943410323735,0.9944602053737973,0.08836343817172128,0.6722695016086033,-0.7387740913434224,-0.04760822967141372,1,1,0.31632683496036074,1.9999999999999978,0.01148607254636587,0.018217930574104292,0.018253916258917514,1.0,-0.0013192872042099187,0.009090107038875061,0.671884743866763,9.510844642908815,120,,
scene_obj_big_box,big_box,89,0.3380396053831102,0.012750449559217905,0.4340000000000144,0.017328479376126794,-0.050185301152391594,0.7660000000000231,0.008062083640503486,0.012750449559238972,-0.16600000000000437,-0.002627901143959041,-0.05018530115237053,0.16600000000000437,-0.011894296879582348,0.012750449559229922,-0.16600000000000506,-0.0026279011439590354,-0.050185301152361465,0.16600000000000711,-0.011894296879582354,-0.07657481556182236,0.9969389176597429,0.0157822706155136,0.28870730167329467,-0.9549691040462033,0.06842581948406029,1,1,0.30047121099155494,1.9999999999999978,0.05814957306570154,0.021201550936876274,0.03368401919309788,1.0,-0.001996215460502226,0.005421821924014559,0.4158626907731863,11.244985310269419,120,,
scene_obj_big_box,big_box,90,0.22222056245824195,0.08599999999998767,0.6070123776699373,0.014665447922799816,-0.06924335360143442,0.7660000000000231,0.01676675410402085,0.08600000000000874,0.007012377669918579,-0.005290932597286019,-0.06924335360141336,0.16600000000000437,-0.0031896264160649855,0.08600000000000912,0.0070123776699138884,-0.005290932597286021,-0.06924335360140431,0.16600000000000814,-0.0031896264160649903,-0.9948236258058277,-0.08111719743148271,0.06120400872471846,0.3849181243032491,-0.9227803870122896,0.017730871678560193,0,1,0.02048684950999528,0.0,999.0,999.0,999.0,0.0,999.0,999.0,999.0,0.0,0,Stage4_lift,lost_contact
scene_obj_big_box,big_box,91,0.18331798930145377,0.013818551312960017,0.4340000000000144,0.01020938823192484,0.08599999999998767,0.6007615112627187,0.03441521456255951,0.013818551312981084,-0.16600000000000437,-0.009746992288160995,0.08600000000000874,0.0007615112626999654,0.014458834042473678,0.013818551312972034,-0.16600000000000512,-0.00974699228816099,0.08600000000000878,0.000761511262695275,0.014458834042473676,-0.08281569289911896,0.994851392876463,0.05841451117007743,-0.9861219529354919,-0.008731895041348674,-0.16579271701317286,0,0,0.0,0.0,999.0,999.0,999.0,0.0,999.0,999.0,999.0,0.0,0,Stage3_close,no_contact
scene_obj_big_box,big_box,92,0.3373846225919714,0.08599999999998767,0.44325786316287485,0.009471387423093941,-0.011019081964144556,0.7660000000000231,0.025383471075319512,0.08600000000000874,-0.15674213683714389,-0.010484993096991893,-0.01101908196412349,0.16600000000000437,0.0054270905552336775,0.08600000000000019,-0.15674213683714858,-0.01048499309699189,-0.011019081964114429,0.16600000000000498,0.005427090555233671,-0.48019945860275814,0.8752033633654451,0.05854520940265875,0.06619903370062441,-0.9972736050137969,-0.03260418170333781,0,1,0.18190339075468617,0.0,999.0,999.0,999.0,0.0,999.0,999.0,999.0,0.0,0,Stage4_lift,lost_contact
scene_obj_big_box,big_box,93,0.3347566347868386,0.06591847537515885,0.4340000000000144,0.010886472354947755,0.030609740993709417,0.7660000000000231,0.035203088282812725,0.06591847537517992,-0.16600000000000437,-0.00906990816513808,0.030609740993730483,0.16600000000000437,0.01524670776272689,0.06591847537517087,-0.16600000000000797,-0.009069908165138075,0.030609740993739545,0.1660000000000027,0.015246707762726883,-0.3685904674878604,0.9282074146093587,0.0507153976428127,-0.18060362836090393,-0.9794333873668326,-0.08995864235083968,0,0,0.0,0.0,999.0,999.0,999.0,0.0,999.0,999.0,999.0,0.0,0,Stage3_close,no_contact
scene_obj_big_box,big_box,94,0.28807787187845213,-0.0860000000000298,0.5290762857791033,0.011554486229656184,0.07785957141334604,0.7660000000000231,0.014015128829985235,-0.08600000000000874,-0.07092371422091548,-0.00840189429042965,0.0778595714133671,0.16600000000000437,-0.0059412516901006,-0.08600000000001261,-0.07092371422091079,-0.008401894290429647,0.07785957141337616,0.16600000000000012,-0.005941251690100607,0.7693069300890369,0.6344430797418502,0.07515855236630681,-0.4244215816987115,-0.904885311889763,0.03238645414826579,0,1,0.003626139521141075,0.0,999.0,999.0,999.0,0.0,999.0,999.0,999.0,0.0,0,Stage4_lift,dropped
scene_obj_big_box,big_box,95,0.17953452875220424,-0.0860000000000298,0.6591801397461672,0.022597331604697964,0.057951620829623934,0.7660000000000231,0.01259256623321895,-0.08600000000000874,0.05918013974614844,0.002640951084612129,0.057951620829645,0.16600000000000437,-0.007363814286866884,-0.0860000000000055,0.05918013974615313,0.002640951084612128,0.05795162082965406,0.1660000000000012,-0.007363814286866891,0.8235317814278512,-0.5667061152359285,-0.025289618039235132,-0.3293098228634343,-0.9432942480767953,0.041844841329560706,1,1,0.3146204701697591,1.9999999999999978,0.01944543376235254,0.01939790731409031,0.024283574549229883,1.0,-0.000520312296625922,0.008754853642242103,0.6691753098905983,9.819963363685396,120,,
scene_obj_big_box,big_box,96,0.2266907117764371,-0.009616152293071209,0.4340000000000144,0.03211019499526393,-0.0860000000000298,0.6472167784298929,0.02247733398869248,-0.009616152293050143,-0.16600000000000437,0.012153814475178094,-0.08600000000000874,0.04721677842987415,0.002520953468606646,-0.009616152293059193,-0.16600000000000384,0.012153814475178099,-0.08600000000000615,0.04721677842987884,0.0025209534686066455,0.057677805576182926,0.9956701426792485,-0.07289873609998415,0.8762846089974549,-0.48110856075043634,-0.025686892145796836,1,1,0.2873803483417865,1.9999999999999978,0.0841200321002716,0.023556597911767556,0.029244103115629083,1.0,-0.0011830628166456531,0.002778770734404798,0.31386125161758655,10.247784513105236,120,,
scene_obj_big_box,big_box,97,0.34075823959120166,0.047205607088520785,0.4340000000000144,0.012461065157019707,-0.028004462981207894,0.7660000000000231,0.027811088264347424,0.04720560708854185,-0.16600000000000437,-0.007495315363066128,-0.028004462981186827,0.16600000000000437,0.007854707744261589,0.0472056070885328,-0.16600000000000695,-0.007495315363066123,-0.028004462981177765,0.1660000000000059,0.007854707744261584,-0.27326888174296604,0.9609586057064896,0.043389685545917274,0.1661702199808749,-0.9849950179497046,-0.04660751804547243,0,1,0.2712823521103409,0.0,999.0,999.0,999.0,0.0,999.0,999.0,999.0,0.0,0,Stage4_lift,lost_contact
scene_obj_big_box,big_box,98,0.27612037586731625,-0.0860000000000298,0.4718297203500613,0.032922327304913256,0.08599999999998767,0.6868167670497118,0.011969243511250326,-0.08600000000000874,-0.12817027964995742,0.01296594678482742,0.08600000000000874,0.0868167670496931,-0.007987137008835509,-0.08600000000001573,-0.12817027964995273,0.012965946784827426,0.08600000000001347,0.08681676704968841,-0.007987137008835514,0.5552232043479208,0.8274780624350144,-0.08370923861948572,-0.7022585615050784,-0.7089281156143346,0.06522134123683987,0,0,0.0,0.0,999.0,999.0,999.0,0.0,999.0,999.0,999.0,0.0,0,Stage3_close,no_contact
scene_obj_big_box,big_box,99,0.3523858785589389,-0.038805363507181355,0.4340000000000144,0.03267867638197347,0.07850145275807535,0.7660000000000231,0.01886135878923051,-0.03880536350716029,-0.16600000000000437,0.012722295861887636,0.07850145275809642,0.16600000000000437,-0.0010950217308553258,-0.03880536350716934,-0.16600000000000226,0.012722295861887643,0.07850145275810547,0.1660000000000001,-0.001095021730855333,0.2269990585749669,0.9710473068108876,-0.07442139236829497,-0.4274998706034671,-0.9039957354529121,0.005963222740490692,0,1,0.0010024715072849064,0.0,999.0,999.0,999.0,0.0,999.0,999.0,999.0,0.0,0,Stage4_lift,dropped
